chain,equipment,direct,legacy_multi,canonical,resolved_single,resolved_multi,no_mapping,source_needs_review,safe_canonical,ambiguous_unmapped
FIT PLACE24,219,205,14,0,205,14,4,12,85,1
KANEKIN FITNESS GYM,37,32,7,0,32,7,1,0,17,0
AUN'S GYM,62,28,4,0,28,4,33,6,33,5
FASTGYM24,94,42,5,0,42,5,50,5,51,4
FIT-EASY,18,10,1,0,10,1,8,2,10,2
FiT24,115,30,6,0,30,6,82,4,40,2
GOLD'S GYM,53,20,4,0,20,4,31,2,23,1
HYPER FIT24,176,53,6,0,53,6,121,4,52,2
JOYFIT24,271,55,6,0,55,6,213,6,89,2
JOYFIT24 LITE,0,0,0,0,0,0,0,0,0,0
SMART FIT100,37,23,0,0,23,0,14,2,26,1
WORLD+GYM,63,22,3,0,22,3,39,7,28,5
エニタイムフィットネス,662,63,4,0,63,4,597,537,153,442
