equipment_id,name,category,load_type,canonical_id,source_needs_review,manufacturer,model
auns-gym:fp_eq_0ad74f66ef54,ショルダープレス,筋トレ,not_specified,shoulder_press_stack,False,,
auns-gym:fp_eq_a9b8eb6ac7de,シーテッドロー,筋トレ,not_specified,seated_row_stack,False,,
auns-gym:fp_eq_37018137064f,スタンディングカーフレイズ,筋トレ,not_specified,standing_calf,False,,
auns-gym:fp_eq_72c38ceaa2bb,チェストプレス,筋トレ,not_specified,chest_press_stack,False,,
auns-gym:fp_eq_10ab0b55de72,チン/ディップ,筋トレ,not_specified,dip_station,False,,
auns-gym:fp_eq_10ab0b55de72,チン/ディップ,筋トレ,not_specified,pullup_station,False,,
auns-gym:fp_eq_1112b516f6b2,バイセップカール,筋トレ,not_specified,arm_curl,False,,
auns-gym:fp_eq_c96e7ef5ae9a,ペックフライ,筋トレ,not_specified,pec_fly,False,,
auns-gym:fp_eq_9a78705fffa6,ラテラルレイズ,筋トレ,not_specified,lateral_raise,False,,
auns-gym:fp_eq_2ca7b231d84c,レッグエクステンション,筋トレ,not_specified,leg_extension,False,,
auns-gym:fp_eq_3810bb5f16f1,レッグプレス,筋トレ,not_specified,leg_press,False,,
auns-gym:fp_eq_f9136af0c9c1,ロータリートルソー,筋トレ,not_specified,rotary_torso,False,,
fastgym24:fp_eq_0962f52cb0cf,45°バックエクステンション,筋トレ,not_specified,back_extension_bench,False,,
fastgym24:fp_eq_7234f3b62f5a,アジャスタブルアブドミナルクランチ,筋トレ,not_specified,abdominal,False,,
fastgym24:fp_eq_1ac94757facf,アダクター,筋トレ,not_specified,hip_adduction,False,,
fastgym24:fp_eq_60e4b0aab2fc,アブダクター,筋トレ,not_specified,hip_abduction,False,,
fastgym24:fp_eq_afcab2a21f2c,アングルドレッグプレス,筋トレ,not_specified,leg_press,False,,
fastgym24:fp_eq_e693010ba70a,チンアシスト,筋トレ,not_specified,assisted_chin,False,,
fastgym24:fp_eq_896dd28019b0,ヒップアダクション,筋トレ,not_specified,hip_adduction,False,,
fit-place24:fp_eq_92290a388416,アブドミナル,筋トレ,not_specified,abdominal,False,,
auns-gym:fp_eq_7cf9cfdcb6fa,アイソラテラルローロー（プレートロード）,フリーウェイト,plate_loaded_explicit,plate_low_row,False,,
auns-gym:fp_eq_5354722256ab,アームカールラック,フリーウェイト,not_specified,preacher_bench,False,,
auns-gym:fp_eq_e39013a1ac13,インクラインチェストプレス（プレートロード）,フリーウェイト,plate_loaded_explicit,plate_incline_press,False,,
fit-place24:fp_eq_a9b8eb6ac7de,シーテッドロー,筋トレ,not_specified,seated_row_stack,False,,
kanekin:delta-shoulder-press,ショルダープレス,筋トレ,not_specified,shoulder_press_stack,False,DELTA FITNESS,Shoulder Press
kanekin:delta-standing-lateral-raise,スタンディングラテラルレイズ,筋トレ,not_specified,lateral_raise,False,DELTA FITNESS,Standing Lateral Raise
kanekin:delta-bicep-curl,バイセップカール,筋トレ,not_specified,arm_curl,False,DELTA FITNESS,Bicep Curl
kanekin:dumbbells-1-60kg,ダンベル（1〜60kg）,フリーウェイト,not_specified,dumbbell,False,,Dumbells 1kg-60kg
kanekin:bull-power-rack,パワーラック,フリーウェイト,not_specified,rack,False,BULL,Power Rack
kanekin:bull-smith-machine,スミスマシン,フリーウェイト,not_specified,smith,False,BULL,Smith Machine
kanekin:bull-adjustable-bench,アジャスタブルベンチ,フリーウェイト,not_specified,flat_bench,False,BULL,Adjustable Bench
kanekin:bull-adjustable-bench,アジャスタブルベンチ,フリーウェイト,not_specified,incline_bench,False,BULL,Adjustable Bench
kanekin:bull-flat-bench,フラットベンチ,フリーウェイト,not_specified,flat_bench,False,BULL,Flat Bench
kanekin:rogue-power-rack,パワーラック,フリーウェイト,not_specified,rack,False,ROGUE,Power Rack
kanekin:rogue-adjustable-bench,アジャスタブルベンチ,フリーウェイト,not_specified,flat_bench,False,ROGUE,Adjustable Bench
kanekin:rogue-adjustable-bench,アジャスタブルベンチ,フリーウェイト,not_specified,incline_bench,False,ROGUE,Adjustable Bench
kanekin:rogue-flat-bench,フラットベンチ,フリーウェイト,not_specified,flat_bench,False,ROGUE,Flat Bench
kanekin:hammer-strength-leg-extension,レッグエクステンション,筋トレ,not_specified,leg_extension,False,HAMMER STRENGTH,Leg Extension
kanekin:hammer-strength-leg-press,レッグプレス,筋トレ,not_specified,leg_press,False,HAMMER STRENGTH,Leg Press
kanekin:precor-chest-press,チェストプレス,筋トレ,not_specified,chest_press_stack,False,PRECOR,Chest Press
kanekin:precor-shoulder-press,ショルダープレス,筋トレ,not_specified,shoulder_press_stack,False,PRECOR,Shoulder Press
kanekin:precor-seated-row,シーテッドロー,筋トレ,not_specified,seated_row_stack,False,PRECOR,Seated Row
kanekin:precor-inner-outer-thigh,インナー／アウターサイ,筋トレ,not_specified,hip_dual,False,PRECOR,Inner/Outer Thigh
auns-gym:fp_eq_28e2a518cda8,ショルダープレス（プレートロード）,フリーウェイト,plate_loaded_explicit,plate_shoulder_press,False,,
auns-gym:fp_eq_74ae16617af0,スミスマシン,フリーウェイト,not_specified,smith,False,,
auns-gym:fp_eq_693fa2dd0404,ダンベル（1〜50kg）,フリーウェイト,not_specified,dumbbell,False,,
auns-gym:fp_eq_86a486d021ac,チェストプレス（プレートロード）,フリーウェイト,plate_loaded_explicit,plate_chest_press,False,,
auns-gym:fp_eq_9a5e08631534,デクラインチェストプレス（プレートロード）,フリーウェイト,plate_loaded_explicit,plate_decline_press,False,,
auns-gym:fp_eq_d45213d7da37,ハーフラック,フリーウェイト,not_specified,rack,False,,
auns-gym:fp_eq_0b00220775cb,パワーラック,フリーウェイト,not_specified,rack,False,,
auns-gym:fp_eq_77c47ee3ca7b,ヒップスラスト（プレートロード）,フリーウェイト,plate_loaded_explicit,plate_hip_thrust,False,,
auns-gym:fp_eq_f1a3ffa3bce7,ファンクショナルトレーナー,フリーウェイト,cable_named,dual_pulley,True,,
auns-gym:fp_eq_ae10545aa52b,ラットプルダウン（プレートロード）,フリーウェイト,plate_loaded_explicit,plate_pulldown,False,,
auns-gym:fp_eq_e506f8d1ce18,レッグプレス（プレートロード）,フリーウェイト,plate_loaded_explicit,plate_leg_press,False,,
auns-gym:fp_eq_7b6c1f290af2,ローロー（プレートロード）,フリーウェイト,plate_loaded_explicit,plate_low_row,False,,
fastgym24:fp_eq_7cf9cfdcb6fa,アイソラテラルローロー（プレートロード）,フリーウェイト,plate_loaded_explicit,plate_low_row,False,,
fastgym24:fp_eq_999e7b88bccd,アジャスタブル アームカールラック,フリーウェイト,not_specified,preacher_bench,False,,
fastgym24:fp_eq_0b7ade05c9c0,アジャスタブルインクラインベンチ,フリーウェイト,not_specified,incline_bench,False,,
fastgym24:fp_eq_f03fe62567c5,アジャスタブルフラット/インクラインベンチ,フリーウェイト,not_specified,flat_bench,False,,
fastgym24:fp_eq_f03fe62567c5,アジャスタブルフラット/インクラインベンチ,フリーウェイト,not_specified,incline_bench,False,,
fastgym24:fp_eq_c66a841e9ed5,アジャスタブルベンチ,フリーウェイト,not_specified,flat_bench,False,,
fastgym24:fp_eq_c66a841e9ed5,アジャスタブルベンチ,フリーウェイト,not_specified,incline_bench,False,,
fastgym24:fp_eq_538b557739d4,アジャスタブルマルチデクラインベンチ,フリーウェイト,not_specified,flat_bench,False,,
fastgym24:fp_eq_538b557739d4,アジャスタブルマルチデクラインベンチ,フリーウェイト,not_specified,decline_bench,False,,
fastgym24:fp_eq_5354722256ab,アームカールラック,フリーウェイト,not_specified,preacher_bench,False,,
fastgym24:fp_eq_e39013a1ac13,インクラインチェストプレス（プレートロード）,フリーウェイト,plate_loaded_explicit,plate_incline_press,False,,
fastgym24:fp_eq_81c024ca585c,インクラインプレス（プレートロード）,フリーウェイト,plate_loaded_explicit,plate_incline_press,False,,
fastgym24:fp_eq_53beebd50e63,カールベンチ,フリーウェイト,not_specified,preacher_bench,False,,
fastgym24:fp_eq_28e2a518cda8,ショルダープレス（プレートロード）,フリーウェイト,plate_loaded_explicit,plate_shoulder_press,False,,
fastgym24:fp_eq_51b78f0fad66,シーテッドチェストプレス（プレートロード）,フリーウェイト,plate_loaded_explicit,plate_chest_press,False,,
fastgym24:fp_eq_7da0bcec718d,シーテッドロー（プレートロード）,フリーウェイト,plate_loaded_explicit,plate_row,False,,
fastgym24:fp_eq_74ae16617af0,スミスマシン,フリーウェイト,not_specified,smith,False,,
fastgym24:fp_eq_cfbe87c2130c,スミスマシン（垂直）,フリーウェイト,not_specified,smith,False,,
fastgym24:fp_eq_693fa2dd0404,ダンベル（1〜50kg）,フリーウェイト,not_specified,dumbbell,False,,
fastgym24:fp_eq_86a486d021ac,チェストプレス（プレートロード）,フリーウェイト,plate_loaded_explicit,plate_chest_press,False,,
fastgym24:fp_eq_bf477b40108b,チン/ディップ,フリーウェイト,not_specified,dip_station,False,,
fastgym24:fp_eq_bf477b40108b,チン/ディップ,フリーウェイト,not_specified,pullup_station,False,,
fastgym24:fp_eq_062a12acce4a,チン/ディップ/レッグレイズ,フリーウェイト,not_specified,dip_station,False,,
fastgym24:fp_eq_062a12acce4a,チン/ディップ/レッグレイズ,フリーウェイト,not_specified,pullup_station,False,,
fastgym24:fp_eq_57ab45d08062,デクラインフラットベンチ,フリーウェイト,not_specified,flat_bench,False,,
fastgym24:fp_eq_57ab45d08062,デクラインフラットベンチ,フリーウェイト,not_specified,decline_bench,False,,
fastgym24:fp_eq_3ffb97ab19d3,ハイロー（プレートロード）,フリーウェイト,plate_loaded_explicit,plate_high_row,True,,
fastgym24:fp_eq_d45213d7da37,ハーフラック,フリーウェイト,not_specified,rack,False,,
fastgym24:fp_eq_e28aa6bb657a,バックエクステンションベンチ,フリーウェイト,not_specified,back_extension_bench,True,,
fastgym24:fp_eq_0b00220775cb,パワーラック,フリーウェイト,not_specified,rack,False,,
fit-place24:fp_eq_7cf9cfdcb6fa,アイソラテラルローロー（プレートロード）,フリーウェイト,plate_loaded_explicit,plate_low_row,False,,
fit-place24:fp_eq_999e7b88bccd,アジャスタブル アームカールラック,フリーウェイト,not_specified,preacher_bench,False,,
fit-place24:fp_eq_0b7ade05c9c0,アジャスタブルインクラインベンチ,フリーウェイト,not_specified,incline_bench,False,,
fit-place24:fp_eq_f03fe62567c5,アジャスタブルフラット/インクラインベンチ,フリーウェイト,not_specified,flat_bench,False,,
fit-place24:fp_eq_f03fe62567c5,アジャスタブルフラット/インクラインベンチ,フリーウェイト,not_specified,incline_bench,False,,
fit-place24:fp_eq_c66a841e9ed5,アジャスタブルベンチ,フリーウェイト,not_specified,flat_bench,False,,
fit-place24:fp_eq_c66a841e9ed5,アジャスタブルベンチ,フリーウェイト,not_specified,incline_bench,False,,
fit-place24:fp_eq_538b557739d4,アジャスタブルマルチデクラインベンチ,フリーウェイト,not_specified,flat_bench,False,,
fit-place24:fp_eq_538b557739d4,アジャスタブルマルチデクラインベンチ,フリーウェイト,not_specified,decline_bench,False,,
fit-place24:fp_eq_5354722256ab,アームカールラック,フリーウェイト,not_specified,preacher_bench,False,,
fit-place24:fp_eq_e39013a1ac13,インクラインチェストプレス（プレートロード）,フリーウェイト,plate_loaded_explicit,plate_incline_press,False,,
fit-place24:fp_eq_81c024ca585c,インクラインプレス（プレートロード）,フリーウェイト,plate_loaded_explicit,plate_incline_press,False,,
fit-place24:fp_eq_53beebd50e63,カールベンチ,フリーウェイト,not_specified,preacher_bench,False,,
fit-place24:fp_eq_28e2a518cda8,ショルダープレス（プレートロード）,フリーウェイト,plate_loaded_explicit,plate_shoulder_press,False,,
fit-place24:fp_eq_51b78f0fad66,シーテッドチェストプレス（プレートロード）,フリーウェイト,plate_loaded_explicit,plate_chest_press,False,,
fit-place24:fp_eq_7da0bcec718d,シーテッドロー（プレートロード）,フリーウェイト,plate_loaded_explicit,plate_row,False,,
fit-place24:fp_eq_9aa90f373d8e,ステアマスター,有酸素,cardio,stair_climber,False,,
fit-place24:fp_eq_74ae16617af0,スミスマシン,フリーウェイト,not_specified,smith,False,,
fit-place24:fp_eq_cfbe87c2130c,スミスマシン（垂直）,フリーウェイト,not_specified,smith,False,,
fit-place24:fp_eq_693fa2dd0404,ダンベル（1〜50kg）,フリーウェイト,not_specified,dumbbell,False,,
fit-place24:fp_eq_86a486d021ac,チェストプレス（プレートロード）,フリーウェイト,plate_loaded_explicit,plate_chest_press,False,,
fit-place24:fp_eq_bf477b40108b,チン/ディップ,フリーウェイト,not_specified,dip_station,False,,
fit-place24:fp_eq_bf477b40108b,チン/ディップ,フリーウェイト,not_specified,pullup_station,False,,
fit-place24:fp_eq_062a12acce4a,チン/ディップ/レッグレイズ,フリーウェイト,not_specified,dip_station,False,,
fit-place24:fp_eq_062a12acce4a,チン/ディップ/レッグレイズ,フリーウェイト,not_specified,pullup_station,False,,
fit-place24:fp_eq_57ab45d08062,デクラインフラットベンチ,フリーウェイト,not_specified,flat_bench,False,,
fit-place24:fp_eq_57ab45d08062,デクラインフラットベンチ,フリーウェイト,not_specified,decline_bench,False,,
fit-place24:fp_eq_3ffb97ab19d3,ハイロー（プレートロード）,フリーウェイト,plate_loaded_explicit,plate_high_row,True,,
fit-place24:fp_eq_d45213d7da37,ハーフラック,フリーウェイト,not_specified,rack,False,,
fit-place24:fp_eq_e28aa6bb657a,バックエクステンションベンチ,フリーウェイト,not_specified,back_extension_bench,True,,
fit-place24:fp_eq_0b00220775cb,パワーラック,フリーウェイト,not_specified,rack,False,,
fit-place24:fp_eq_42c27564b5e2,トレッドミル,有酸素,cardio,treadmill,False,,
fit-place24:fp_eq_3e928d59ac6c,フラットベンチ,フリーウェイト,not_specified,flat_bench,False,,
fit-place24:fp_eq_7d511941de18,プルダウン（プレートロード）,フリーウェイト,plate_loaded_explicit,plate_pulldown,False,,
fit-place24:fp_eq_453fcb2d0cc8,マルチアジャスタブルデクラインベンチ,フリーウェイト,not_specified,flat_bench,False,,
fit-place24:fp_eq_453fcb2d0cc8,マルチアジャスタブルデクラインベンチ,フリーウェイト,not_specified,decline_bench,False,,
fit-place24:fp_eq_e506f8d1ce18,レッグプレス（プレートロード）,フリーウェイト,plate_loaded_explicit,plate_leg_press,False,,
fit-place24:fp_eq_7b6c1f290af2,ローロー（プレートロード）,フリーウェイト,plate_loaded_explicit,plate_low_row,False,,
fit-place24:fp_eq_2c02d5d9cb4d,ローワーバックベンチ,フリーウェイト,not_specified,back_extension_bench,False,,
fit-place24:fp_eq_0295744ab28f,ワイドプルダウン（プレートロード）,フリーウェイト,plate_loaded_explicit,plate_pulldown,False,,
fit-place24:fp_eq_f619fef1237b,アップライトバイク,有酸素,cardio,bike,False,,
fit-place24:fp_eq_4f3c1d4553d6,クロストレーナー,有酸素,cardio,cross_trainer,False,,
fit-place24:fp_eq_545431d61b99,ステアクライマー,有酸素,cardio,stair_climber,False,,
fit-place24:fp_eq_b6d80023b98e,リカンベントバイク,有酸素,cardio,recumbent_bike,False,,
fit-place24:fp_eq_6e1280aa7ce9,アウターサイ,筋トレ,not_specified,hip_abduction,False,,
fit-place24:fp_eq_3178ca72e8b9,アシストチン/ディップ,筋トレ,not_specified,assisted_chin_dips,False,,
fit-place24:fp_eq_e8c7fd4da985,アジャスタブルデュアルプーリー,筋トレ,cable_named,dual_pulley,False,,
fit-place24:fp_eq_aacdbc212a99,アブダクター/アダクター,筋トレ,not_specified,hip_dual,False,,
fit-place24:fp_eq_73709b637965,アブドミナルクランチ,筋トレ,not_specified,abdominal,False,,
fit-place24:fp_eq_980743687ce2,アームカール,筋トレ,not_specified,arm_curl,False,,
fit-place24:fp_eq_83deacc91b88,インナー/アウターサイ,筋トレ,not_specified,hip_dual,False,,
fit-place24:fp_eq_397c463724d0,インナーサイ,筋トレ,not_specified,hip_adduction,False,,
fit-place24:fp_eq_fc4c75bfea3e,インナーサイ/アウターサイ,筋トレ,not_specified,hip_dual,False,,
fit-place24:fp_eq_942b682a79da,グルートマシン,筋トレ,not_specified,glute_extension,False,,
fit-place24:fp_eq_4740a3f1901c,ケーブルクロスオーバー,筋トレ,cable_named,cable_crossover,False,,
fit-place24:fp_eq_0ad74f66ef54,ショルダープレス,筋トレ,not_specified,shoulder_press_stack,False,,
fit-place24:fp_eq_9ca6c9f86826,シーテッドチェストプレス,筋トレ,not_specified,chest_press_stack,False,,
fit-place24:fp_eq_df0b02e63072,シーテッドラテラルレイズ,筋トレ,not_specified,lateral_raise,False,,
fit-place24:fp_eq_2b7d06db3537,シーテッドレッグカール,筋トレ,not_specified,seated_leg_curl,False,,
fit-place24:fp_eq_504166305869,シーテッドレッグカール ROM,筋トレ,not_specified,seated_leg_curl,False,,
fit-place24:fp_eq_643af5c350de,シーテッドレッグプレス,筋トレ,not_specified,leg_press,False,,
auns-gym:fp_eq_f619fef1237b,アップライトバイク,有酸素,cardio,bike,False,,
fit-place24:fp_eq_1caec5a7c3b6,スタンディングラテラルレイズ,筋トレ,not_specified,lateral_raise,False,,
fit-place24:fp_eq_72c38ceaa2bb,チェストプレス,筋トレ,not_specified,chest_press_stack,False,,
fit-place24:fp_eq_10ab0b55de72,チン/ディップ,筋トレ,not_specified,dip_station,False,,
fit-place24:fp_eq_10ab0b55de72,チン/ディップ,筋トレ,not_specified,pullup_station,False,,
fit-place24:fp_eq_4eb3f9de4efb,チン/ディップ/レッグレイズ,筋トレ,not_specified,dip_station,False,,
fit-place24:fp_eq_4eb3f9de4efb,チン/ディップ/レッグレイズ,筋トレ,not_specified,pullup_station,False,,
fit-place24:fp_eq_b333827ebb7e,デュアルアジャスタブルプーリー,筋トレ,cable_named,dual_pulley,False,,
fit-place24:fp_eq_ccf5c869fc06,ニーリングイージーチンディップ,筋トレ,not_specified,assisted_chin_dips,False,,
fit-place24:fp_eq_1112b516f6b2,バイセップカール,筋トレ,not_specified,arm_curl,False,,
fit-place24:fp_eq_9cbae3e29b25,バイセプスカール,筋トレ,not_specified,arm_curl,True,,
fit-place24:fp_eq_f7a344c7c227,バタフライ,筋トレ,not_specified,pec_fly,False,,
fit-place24:fp_eq_f32f7076c6a6,バタフライ/リアデルト,筋トレ,not_specified,fly_rear_delt,False,,
fit-place24:fp_eq_e7770dba9fda,バックエクステンション,筋トレ,not_specified,back_extension_machine,False,,
fit-place24:fp_eq_7db705aa26cf,バックエクステンションベンチ,筋トレ,not_specified,back_extension_bench,False,,
fit-place24:fp_eq_6ac44b958236,バックエクステンションマシン,筋トレ,not_specified,back_extension_machine,True,,
fit-place24:fp_eq_9d67a700c436,ヒップアダクター&ヒップアブダクター,筋トレ,not_specified,hip_dual,False,,
fit-place24:fp_eq_70aafcbfb322,ヒップアダクター/アブダクター デュアル,筋トレ,not_specified,hip_dual,False,,
fit-place24:fp_eq_ca218039d433,プローンレッグカール,筋トレ,not_specified,lying_leg_curl,False,,
fit-place24:fp_eq_f9234ea2e3c8,ペクトラル/リバースフライ,筋トレ,not_specified,fly_rear_delt,False,,
fit-place24:fp_eq_c563b0cde41a,ペックフライ/リアデルト,筋トレ,not_specified,fly_rear_delt,True,,
fit-place24:fp_eq_389ce19d52fa,ライイングレッグカール,筋トレ,not_specified,lying_leg_curl,False,,
fit-place24:fp_eq_0a13c23b47c0,ラットプルダウン,筋トレ,not_specified,lat_pulldown_cable,True,,
fit-place24:fp_eq_9c94e4e7e8ab,ラットプルダウン（ケーブル）,筋トレ,cable_named,lat_cable_explicit,False,,
fit-place24:fp_eq_4f1c12690a70,ラットマシン（ケーブル）,筋トレ,cable_named,lat_cable_explicit,False,,
fit-place24:fp_eq_2ca7b231d84c,レッグエクステンション,筋トレ,not_specified,leg_extension,False,,
fit-place24:fp_eq_8c7eb420416c,レッグエクステンション ROM,筋トレ,not_specified,leg_extension,False,,
fit-place24:fp_eq_c21d68793fb5,レッグエクステンション（デュアルスタック）,筋トレ,not_specified,leg_extension,False,,
fit-place24:fp_eq_3810bb5f16f1,レッグプレス,筋トレ,not_specified,leg_press,False,,
fit-place24:fp_eq_f9136af0c9c1,ロータリートルソー,筋トレ,not_specified,rotary_torso,False,,
fit-place24:fp_eq_d1d756af5522,ローワーバック,筋トレ,not_specified,back_extension_machine,False,,
fit-place24:fp_eq_c16a25a58d3c,ローワーバックベンチ,筋トレ,not_specified,back_extension_bench,False,,
auns-gym:fp_eq_9aa90f373d8e,ステアマスター,有酸素,cardio,stair_climber,False,,
auns-gym:fp_eq_42c27564b5e2,トレッドミル,有酸素,cardio,treadmill,False,,
auns-gym:fp_eq_2f49ddde65dc,アシストチンニング,筋トレ,not_specified,assisted_chin,False,,
auns-gym:fp_eq_986d089885b3,アダクション,筋トレ,not_specified,hip_adduction,False,,
auns-gym:fp_eq_aacdbc212a99,アブダクター/アダクター,筋トレ,not_specified,hip_dual,False,,
auns-gym:fp_eq_96ce6b6158c1,アブドミナルトレーナー,筋トレ,not_specified,abdominal,False,,
fastgym24:fp_eq_3e928d59ac6c,フラットベンチ,フリーウェイト,not_specified,flat_bench,False,,
fastgym24:fp_eq_7d511941de18,プルダウン（プレートロード）,フリーウェイト,plate_loaded_explicit,plate_pulldown,False,,
fastgym24:fp_eq_453fcb2d0cc8,マルチアジャスタブルデクラインベンチ,フリーウェイト,not_specified,flat_bench,False,,
fastgym24:fp_eq_453fcb2d0cc8,マルチアジャスタブルデクラインベンチ,フリーウェイト,not_specified,decline_bench,False,,
fastgym24:fp_eq_e506f8d1ce18,レッグプレス（プレートロード）,フリーウェイト,plate_loaded_explicit,plate_leg_press,False,,
fastgym24:fp_eq_7b6c1f290af2,ローロー（プレートロード）,フリーウェイト,plate_loaded_explicit,plate_low_row,False,,
fastgym24:fp_eq_2c02d5d9cb4d,ローワーバックベンチ,フリーウェイト,not_specified,back_extension_bench,False,,
fastgym24:fp_eq_0295744ab28f,ワイドプルダウン（プレートロード）,フリーウェイト,plate_loaded_explicit,plate_pulldown,False,,
fastgym24:fp_eq_f619fef1237b,アップライトバイク,有酸素,cardio,bike,False,,
fastgym24:fp_eq_4f3c1d4553d6,クロストレーナー,有酸素,cardio,cross_trainer,False,,
fastgym24:fp_eq_545431d61b99,ステアクライマー,有酸素,cardio,stair_climber,False,,
fastgym24:fp_eq_9aa90f373d8e,ステアマスター,有酸素,cardio,stair_climber,False,,
fastgym24:fp_eq_42c27564b5e2,トレッドミル,有酸素,cardio,treadmill,False,,
fastgym24:fp_eq_b6d80023b98e,リカンベントバイク,有酸素,cardio,recumbent_bike,False,,
fastgym24:fp_eq_6e1280aa7ce9,アウターサイ,筋トレ,not_specified,hip_abduction,False,,
fastgym24:fp_eq_3178ca72e8b9,アシストチン/ディップ,筋トレ,not_specified,assisted_chin_dips,False,,
fastgym24:fp_eq_e8c7fd4da985,アジャスタブルデュアルプーリー,筋トレ,cable_named,dual_pulley,False,,
fastgym24:fp_eq_aacdbc212a99,アブダクター/アダクター,筋トレ,not_specified,hip_dual,False,,
fastgym24:fp_eq_92290a388416,アブドミナル,筋トレ,not_specified,abdominal,False,,
fastgym24:fp_eq_73709b637965,アブドミナルクランチ,筋トレ,not_specified,abdominal,False,,
fastgym24:fp_eq_980743687ce2,アームカール,筋トレ,not_specified,arm_curl,False,,
fastgym24:fp_eq_83deacc91b88,インナー/アウターサイ,筋トレ,not_specified,hip_dual,False,,
fastgym24:fp_eq_397c463724d0,インナーサイ,筋トレ,not_specified,hip_adduction,False,,
fastgym24:fp_eq_fc4c75bfea3e,インナーサイ/アウターサイ,筋トレ,not_specified,hip_dual,False,,
fastgym24:fp_eq_942b682a79da,グルートマシン,筋トレ,not_specified,glute_extension,False,,
fastgym24:fp_eq_4740a3f1901c,ケーブルクロスオーバー,筋トレ,cable_named,cable_crossover,False,,
fastgym24:fp_eq_72c38ceaa2bb,チェストプレス,筋トレ,not_specified,chest_press_stack,False,,
fastgym24:fp_eq_0ad74f66ef54,ショルダープレス,筋トレ,not_specified,shoulder_press_stack,False,,
fastgym24:fp_eq_9ca6c9f86826,シーテッドチェストプレス,筋トレ,not_specified,chest_press_stack,False,,
fastgym24:fp_eq_df0b02e63072,シーテッドラテラルレイズ,筋トレ,not_specified,lateral_raise,False,,
fastgym24:fp_eq_2b7d06db3537,シーテッドレッグカール,筋トレ,not_specified,seated_leg_curl,False,,
fastgym24:fp_eq_504166305869,シーテッドレッグカール ROM,筋トレ,not_specified,seated_leg_curl,False,,
fastgym24:fp_eq_643af5c350de,シーテッドレッグプレス,筋トレ,not_specified,leg_press,False,,
fastgym24:fp_eq_a9b8eb6ac7de,シーテッドロー,筋トレ,not_specified,seated_row_stack,False,,
fastgym24:fp_eq_1caec5a7c3b6,スタンディングラテラルレイズ,筋トレ,not_specified,lateral_raise,False,,
fastgym24:fp_eq_10ab0b55de72,チン/ディップ,筋トレ,not_specified,dip_station,False,,
fastgym24:fp_eq_10ab0b55de72,チン/ディップ,筋トレ,not_specified,pullup_station,False,,
fastgym24:fp_eq_4eb3f9de4efb,チン/ディップ/レッグレイズ,筋トレ,not_specified,dip_station,False,,
fastgym24:fp_eq_4eb3f9de4efb,チン/ディップ/レッグレイズ,筋トレ,not_specified,pullup_station,False,,
fastgym24:fp_eq_b333827ebb7e,デュアルアジャスタブルプーリー,筋トレ,cable_named,dual_pulley,False,,
fastgym24:fp_eq_ccf5c869fc06,ニーリングイージーチンディップ,筋トレ,not_specified,assisted_chin_dips,False,,
fastgym24:fp_eq_1112b516f6b2,バイセップカール,筋トレ,not_specified,arm_curl,False,,
fastgym24:fp_eq_9cbae3e29b25,バイセプスカール,筋トレ,not_specified,arm_curl,True,,
fastgym24:fp_eq_f7a344c7c227,バタフライ,筋トレ,not_specified,pec_fly,False,,
fastgym24:fp_eq_f32f7076c6a6,バタフライ/リアデルト,筋トレ,not_specified,fly_rear_delt,False,,
fastgym24:fp_eq_e7770dba9fda,バックエクステンション,筋トレ,not_specified,back_extension_machine,False,,
fastgym24:fp_eq_7db705aa26cf,バックエクステンションベンチ,筋トレ,not_specified,back_extension_bench,False,,
fastgym24:fp_eq_6ac44b958236,バックエクステンションマシン,筋トレ,not_specified,back_extension_machine,True,,
fastgym24:fp_eq_9d67a700c436,ヒップアダクター&ヒップアブダクター,筋トレ,not_specified,hip_dual,False,,
fastgym24:fp_eq_70aafcbfb322,ヒップアダクター/アブダクター デュアル,筋トレ,not_specified,hip_dual,False,,
fastgym24:fp_eq_ca218039d433,プローンレッグカール,筋トレ,not_specified,lying_leg_curl,False,,
fastgym24:fp_eq_f9234ea2e3c8,ペクトラル/リバースフライ,筋トレ,not_specified,fly_rear_delt,False,,
fastgym24:fp_eq_c563b0cde41a,ペックフライ/リアデルト,筋トレ,not_specified,fly_rear_delt,True,,
fastgym24:fp_eq_389ce19d52fa,ライイングレッグカール,筋トレ,not_specified,lying_leg_curl,False,,
fastgym24:fp_eq_9c94e4e7e8ab,ラットプルダウン（ケーブル）,筋トレ,cable_named,lat_cable_explicit,False,,
fastgym24:fp_eq_4f1c12690a70,ラットマシン（ケーブル）,筋トレ,cable_named,lat_cable_explicit,False,,
fastgym24:fp_eq_2ca7b231d84c,レッグエクステンション,筋トレ,not_specified,leg_extension,False,,
fastgym24:fp_eq_8c7eb420416c,レッグエクステンション ROM,筋トレ,not_specified,leg_extension,False,,
fastgym24:fp_eq_c21d68793fb5,レッグエクステンション（デュアルスタック）,筋トレ,not_specified,leg_extension,False,,
fastgym24:fp_eq_3810bb5f16f1,レッグプレス,筋トレ,not_specified,leg_press,False,,
fastgym24:fp_eq_f9136af0c9c1,ロータリートルソー,筋トレ,not_specified,rotary_torso,False,,
fastgym24:fp_eq_d1d756af5522,ローワーバック,筋トレ,not_specified,back_extension_machine,False,,
fastgym24:fp_eq_c16a25a58d3c,ローワーバックベンチ,筋トレ,not_specified,back_extension_bench,False,,
fastgym24:fp_eq_51fbee14f77d,45°レッグプレス（プレートロード）,フリーウェイト,plate_loaded_explicit,plate_leg_press,False,,
fastgym24:fp_eq_d7b42d26d5bb,ダンベル（1〜30kg）,フリーウェイト,not_specified,dumbbell,False,,
fastgym24:fp_eq_39b97c050d3d,ダンベル（1〜40kg）,フリーウェイト,not_specified,dumbbell,False,,
fastgym24:fp_eq_77cba88ada6b,デュアルアジャスタブルプーリー,フリーウェイト,cable_named,dual_pulley,False,,
fastgym24:fp_eq_7828557d09d3,パワーブロック（可変式ダンベル・1〜36kg）,フリーウェイト,not_specified,dumbbell,False,,
fastgym24:fp_eq_a8632406c4ba,パワーブロック（可変式ダンベル・1〜40kg）,フリーウェイト,not_specified,dumbbell,False,,
fastgym24:fp_eq_c47c405cc39f,パワーブロック（可変式ダンベル・1〜41kg）,フリーウェイト,not_specified,dumbbell,False,,
fastgym24:fp_eq_56fa41bfb426,パワーブロック（可変式ダンベル）,フリーウェイト,not_specified,dumbbell,False,,
fastgym24:fp_eq_adb4788d4784,ファンクショナルトレーナー,フリーウェイト,cable_named,dual_pulley,False,,
fastgym24:fp_eq_fda603edd867,リニアレッグプレス（プレートロード）,フリーウェイト,plate_loaded_explicit,plate_leg_press,False,,
fastgym24:fp_eq_48c369ae9bfe,ペクトラルフライ,筋トレ,not_specified,pec_fly,False,,
fit-easy:fp_eq_7cf9cfdcb6fa,アイソラテラルローロー（プレートロード）,フリーウェイト,plate_loaded_explicit,plate_low_row,False,,
fit-easy:fp_eq_999e7b88bccd,アジャスタブル アームカールラック,フリーウェイト,not_specified,preacher_bench,False,,
fit-easy:fp_eq_0b7ade05c9c0,アジャスタブルインクラインベンチ,フリーウェイト,not_specified,incline_bench,False,,
fit-easy:fp_eq_f03fe62567c5,アジャスタブルフラット/インクラインベンチ,フリーウェイト,not_specified,flat_bench,False,,
fit-easy:fp_eq_f03fe62567c5,アジャスタブルフラット/インクラインベンチ,フリーウェイト,not_specified,incline_bench,False,,
fit-easy:fp_eq_c66a841e9ed5,アジャスタブルベンチ,フリーウェイト,not_specified,flat_bench,False,,
fit-easy:fp_eq_c66a841e9ed5,アジャスタブルベンチ,フリーウェイト,not_specified,incline_bench,False,,
fit-easy:fp_eq_538b557739d4,アジャスタブルマルチデクラインベンチ,フリーウェイト,not_specified,flat_bench,False,,
fit-easy:fp_eq_538b557739d4,アジャスタブルマルチデクラインベンチ,フリーウェイト,not_specified,decline_bench,False,,
fit-easy:fp_eq_5354722256ab,アームカールラック,フリーウェイト,not_specified,preacher_bench,False,,
fit-easy:fp_eq_e39013a1ac13,インクラインチェストプレス（プレートロード）,フリーウェイト,plate_loaded_explicit,plate_incline_press,False,,
fit-easy:fp_eq_81c024ca585c,インクラインプレス（プレートロード）,フリーウェイト,plate_loaded_explicit,plate_incline_press,False,,
fit-easy:fp_eq_53beebd50e63,カールベンチ,フリーウェイト,not_specified,preacher_bench,False,,
fit-easy:fp_eq_28e2a518cda8,ショルダープレス（プレートロード）,フリーウェイト,plate_loaded_explicit,plate_shoulder_press,False,,
fit-easy:fp_eq_51b78f0fad66,シーテッドチェストプレス（プレートロード）,フリーウェイト,plate_loaded_explicit,plate_chest_press,False,,
fit-easy:fp_eq_7da0bcec718d,シーテッドロー（プレートロード）,フリーウェイト,plate_loaded_explicit,plate_row,False,,
fit-easy:fp_eq_74ae16617af0,スミスマシン,フリーウェイト,not_specified,smith,False,,
fit-easy:fp_eq_cfbe87c2130c,スミスマシン（垂直）,フリーウェイト,not_specified,smith,False,,
fit-easy:fp_eq_693fa2dd0404,ダンベル（1〜50kg）,フリーウェイト,not_specified,dumbbell,False,,
fit-easy:fp_eq_86a486d021ac,チェストプレス（プレートロード）,フリーウェイト,plate_loaded_explicit,plate_chest_press,False,,
fit-easy:fp_eq_bf477b40108b,チン/ディップ,フリーウェイト,not_specified,dip_station,False,,
fit-easy:fp_eq_bf477b40108b,チン/ディップ,フリーウェイト,not_specified,pullup_station,False,,
fit-easy:fp_eq_062a12acce4a,チン/ディップ/レッグレイズ,フリーウェイト,not_specified,dip_station,False,,
fit-easy:fp_eq_062a12acce4a,チン/ディップ/レッグレイズ,フリーウェイト,not_specified,pullup_station,False,,
fit-easy:fp_eq_57ab45d08062,デクラインフラットベンチ,フリーウェイト,not_specified,flat_bench,False,,
fit-easy:fp_eq_57ab45d08062,デクラインフラットベンチ,フリーウェイト,not_specified,decline_bench,False,,
fit-easy:fp_eq_3ffb97ab19d3,ハイロー（プレートロード）,フリーウェイト,plate_loaded_explicit,plate_high_row,True,,
fit-easy:fp_eq_d45213d7da37,ハーフラック,フリーウェイト,not_specified,rack,False,,
fit-easy:fp_eq_e28aa6bb657a,バックエクステンションベンチ,フリーウェイト,not_specified,back_extension_bench,True,,
fit-easy:fp_eq_0b00220775cb,パワーラック,フリーウェイト,not_specified,rack,False,,
fit-easy:fp_eq_3e928d59ac6c,フラットベンチ,フリーウェイト,not_specified,flat_bench,False,,
fit-easy:fp_eq_7d511941de18,プルダウン（プレートロード）,フリーウェイト,plate_loaded_explicit,plate_pulldown,False,,
fit-easy:fp_eq_453fcb2d0cc8,マルチアジャスタブルデクラインベンチ,フリーウェイト,not_specified,flat_bench,False,,
fit-easy:fp_eq_453fcb2d0cc8,マルチアジャスタブルデクラインベンチ,フリーウェイト,not_specified,decline_bench,False,,
fit-easy:fp_eq_e506f8d1ce18,レッグプレス（プレートロード）,フリーウェイト,plate_loaded_explicit,plate_leg_press,False,,
fit-easy:fp_eq_7b6c1f290af2,ローロー（プレートロード）,フリーウェイト,plate_loaded_explicit,plate_low_row,False,,
fit-easy:fp_eq_2c02d5d9cb4d,ローワーバックベンチ,フリーウェイト,not_specified,back_extension_bench,False,,
fit-easy:fp_eq_0295744ab28f,ワイドプルダウン（プレートロード）,フリーウェイト,plate_loaded_explicit,plate_pulldown,False,,
fit-easy:fp_eq_f619fef1237b,アップライトバイク,有酸素,cardio,bike,False,,
fit-easy:fp_eq_4f3c1d4553d6,クロストレーナー,有酸素,cardio,cross_trainer,False,,
fit-easy:fp_eq_545431d61b99,ステアクライマー,有酸素,cardio,stair_climber,False,,
fit-easy:fp_eq_9aa90f373d8e,ステアマスター,有酸素,cardio,stair_climber,False,,
fit-easy:fp_eq_42c27564b5e2,トレッドミル,有酸素,cardio,treadmill,False,,
fit-easy:fp_eq_b6d80023b98e,リカンベントバイク,有酸素,cardio,recumbent_bike,False,,
fit-easy:fp_eq_6e1280aa7ce9,アウターサイ,筋トレ,not_specified,hip_abduction,False,,
fit-easy:fp_eq_3178ca72e8b9,アシストチン/ディップ,筋トレ,not_specified,assisted_chin_dips,False,,
fit-easy:fp_eq_e8c7fd4da985,アジャスタブルデュアルプーリー,筋トレ,cable_named,dual_pulley,False,,
fit-easy:fp_eq_aacdbc212a99,アブダクター/アダクター,筋トレ,not_specified,hip_dual,False,,
fit-easy:fp_eq_92290a388416,アブドミナル,筋トレ,not_specified,abdominal,False,,
fit-easy:fp_eq_73709b637965,アブドミナルクランチ,筋トレ,not_specified,abdominal,False,,
fit-easy:fp_eq_980743687ce2,アームカール,筋トレ,not_specified,arm_curl,False,,
fit-easy:fp_eq_83deacc91b88,インナー/アウターサイ,筋トレ,not_specified,hip_dual,False,,
fit-easy:fp_eq_397c463724d0,インナーサイ,筋トレ,not_specified,hip_adduction,False,,
fit-easy:fp_eq_fc4c75bfea3e,インナーサイ/アウターサイ,筋トレ,not_specified,hip_dual,False,,
fit-easy:fp_eq_942b682a79da,グルートマシン,筋トレ,not_specified,glute_extension,False,,
fit-easy:fp_eq_4740a3f1901c,ケーブルクロスオーバー,筋トレ,cable_named,cable_crossover,False,,
fit-easy:fp_eq_0ad74f66ef54,ショルダープレス,筋トレ,not_specified,shoulder_press_stack,False,,
fit-easy:fp_eq_9ca6c9f86826,シーテッドチェストプレス,筋トレ,not_specified,chest_press_stack,False,,
fit-easy:fp_eq_df0b02e63072,シーテッドラテラルレイズ,筋トレ,not_specified,lateral_raise,False,,
fit-easy:fp_eq_2b7d06db3537,シーテッドレッグカール,筋トレ,not_specified,seated_leg_curl,False,,
fit-easy:fp_eq_504166305869,シーテッドレッグカール ROM,筋トレ,not_specified,seated_leg_curl,False,,
fit-easy:fp_eq_643af5c350de,シーテッドレッグプレス,筋トレ,not_specified,leg_press,False,,
fit-easy:fp_eq_a9b8eb6ac7de,シーテッドロー,筋トレ,not_specified,seated_row_stack,False,,
fit-easy:fp_eq_1caec5a7c3b6,スタンディングラテラルレイズ,筋トレ,not_specified,lateral_raise,False,,
fit-easy:fp_eq_72c38ceaa2bb,チェストプレス,筋トレ,not_specified,chest_press_stack,False,,
fit-easy:fp_eq_10ab0b55de72,チン/ディップ,筋トレ,not_specified,dip_station,False,,
fit-easy:fp_eq_10ab0b55de72,チン/ディップ,筋トレ,not_specified,pullup_station,False,,
fit-easy:fp_eq_4eb3f9de4efb,チン/ディップ/レッグレイズ,筋トレ,not_specified,dip_station,False,,
fit-easy:fp_eq_4eb3f9de4efb,チン/ディップ/レッグレイズ,筋トレ,not_specified,pullup_station,False,,
fit-easy:fp_eq_b333827ebb7e,デュアルアジャスタブルプーリー,筋トレ,cable_named,dual_pulley,False,,
fit-easy:fp_eq_ccf5c869fc06,ニーリングイージーチンディップ,筋トレ,not_specified,assisted_chin_dips,False,,
fit-easy:fp_eq_1112b516f6b2,バイセップカール,筋トレ,not_specified,arm_curl,False,,
fit-easy:fp_eq_9cbae3e29b25,バイセプスカール,筋トレ,not_specified,arm_curl,True,,
fit-easy:fp_eq_f7a344c7c227,バタフライ,筋トレ,not_specified,pec_fly,False,,
fit-easy:fp_eq_f32f7076c6a6,バタフライ/リアデルト,筋トレ,not_specified,fly_rear_delt,False,,
fit-easy:fp_eq_e7770dba9fda,バックエクステンション,筋トレ,not_specified,back_extension_machine,False,,
fit-easy:fp_eq_7db705aa26cf,バックエクステンションベンチ,筋トレ,not_specified,back_extension_bench,False,,
fit-easy:fp_eq_6ac44b958236,バックエクステンションマシン,筋トレ,not_specified,back_extension_machine,True,,
fit-easy:fp_eq_9d67a700c436,ヒップアダクター&ヒップアブダクター,筋トレ,not_specified,hip_dual,False,,
fit-easy:fp_eq_70aafcbfb322,ヒップアダクター/アブダクター デュアル,筋トレ,not_specified,hip_dual,False,,
fit-easy:fp_eq_ca218039d433,プローンレッグカール,筋トレ,not_specified,lying_leg_curl,False,,
fit-easy:fp_eq_f9234ea2e3c8,ペクトラル/リバースフライ,筋トレ,not_specified,fly_rear_delt,False,,
fit-easy:fp_eq_c563b0cde41a,ペックフライ/リアデルト,筋トレ,not_specified,fly_rear_delt,True,,
fit-easy:fp_eq_389ce19d52fa,ライイングレッグカール,筋トレ,not_specified,lying_leg_curl,False,,
fit-easy:fp_eq_9c94e4e7e8ab,ラットプルダウン（ケーブル）,筋トレ,cable_named,lat_cable_explicit,False,,
fit-easy:fp_eq_4f1c12690a70,ラットマシン（ケーブル）,筋トレ,cable_named,lat_cable_explicit,False,,
fit-easy:fp_eq_2ca7b231d84c,レッグエクステンション,筋トレ,not_specified,leg_extension,False,,
fit-easy:fp_eq_8c7eb420416c,レッグエクステンション ROM,筋トレ,not_specified,leg_extension,False,,
fit-easy:fp_eq_c21d68793fb5,レッグエクステンション（デュアルスタック）,筋トレ,not_specified,leg_extension,False,,
fit-easy:fp_eq_3810bb5f16f1,レッグプレス,筋トレ,not_specified,leg_press,False,,
fit-easy:fp_eq_f9136af0c9c1,ロータリートルソー,筋トレ,not_specified,rotary_torso,False,,
fit-easy:fp_eq_d1d756af5522,ローワーバック,筋トレ,not_specified,back_extension_machine,False,,
fit-easy:fp_eq_c16a25a58d3c,ローワーバックベンチ,筋トレ,not_specified,back_extension_bench,False,,
fit-easy:fp_eq_b9eb6340d4fc,ダンベル（〜50kg）,フリーウェイト,not_specified,dumbbell,False,,
fit-easy:fp_eq_9d8274bb322d,ダンベル（〜60kg）,フリーウェイト,not_specified,dumbbell,False,,
fit-easy:fp_eq_3ba378ce53dd,デクラインプレス（プレートロード）,フリーウェイト,plate_loaded_explicit,plate_decline_press,False,,
fit24:fp_eq_02a610b65ea0,DYロー（プレートロード）,フリーウェイト,plate_loaded_explicit,plate_dy_row,False,HAMMER STRENGTH,
fit24:fp_eq_c66a841e9ed5,アジャスタブルベンチ,フリーウェイト,not_specified,flat_bench,False,,
fit24:fp_eq_c66a841e9ed5,アジャスタブルベンチ,フリーウェイト,not_specified,incline_bench,False,,
fit24:fp_eq_81c024ca585c,インクラインプレス（プレートロード）,フリーウェイト,plate_loaded_explicit,plate_incline_press,False,HAMMER STRENGTH,
fit24:fp_eq_53beebd50e63,カールベンチ,フリーウェイト,not_specified,preacher_bench,False,,
fit24:fp_eq_b427d6a98644,グルートドライブ（プレートロード）,フリーウェイト,plate_loaded_explicit,plate_hip_thrust,False,HAMMER STRENGTH,
fit24:fp_eq_28e2a518cda8,ショルダープレス（プレートロード）,フリーウェイト,plate_loaded_explicit,plate_shoulder_press,False,HAMMER STRENGTH,
fit24:fp_eq_74ae16617af0,スミスマシン,フリーウェイト,not_specified,smith,False,,
fit24:fp_eq_cfbe87c2130c,スミスマシン（垂直）,フリーウェイト,not_specified,smith,False,,
fit24:fp_eq_693fa2dd0404,ダンベル（1〜50kg）,フリーウェイト,not_specified,dumbbell,False,,
fit24:fp_eq_22d9252162bf,ダンベル（1〜60kg）,フリーウェイト,not_specified,dumbbell,False,,
fit24:fp_eq_062a12acce4a,チン/ディップ/レッグレイズ,フリーウェイト,not_specified,dip_station,False,,
fit24:fp_eq_062a12acce4a,チン/ディップ/レッグレイズ,フリーウェイト,not_specified,pullup_station,False,,
fit24:fp_eq_3ba378ce53dd,デクラインプレス（プレートロード）,フリーウェイト,plate_loaded_explicit,plate_decline_press,False,HAMMER STRENGTH,
fit24:fp_eq_d45213d7da37,ハーフラック,フリーウェイト,not_specified,rack,False,,
fit24:fp_eq_e28aa6bb657a,バックエクステンションベンチ,フリーウェイト,not_specified,back_extension_bench,True,,
fit24:fp_eq_0b00220775cb,パワーラック,フリーウェイト,not_specified,rack,False,,
fit24:fp_eq_3e928d59ac6c,フラットベンチ,フリーウェイト,not_specified,flat_bench,False,,
fit24:fp_eq_ca38d2e98d63,リニアレッグプレス（プレートロード）,フリーウェイト,plate_loaded_explicit,plate_leg_press,False,HAMMER STRENGTH,
fit24:fp_eq_0295744ab28f,ワイドプルダウン（プレートロード）,フリーウェイト,plate_loaded_explicit,plate_pulldown,False,HAMMER STRENGTH,
fit24:fp_eq_f619fef1237b,アップライトバイク,有酸素,cardio,bike,False,,
fit24:fp_eq_4f3c1d4553d6,クロストレーナー,有酸素,cardio,cross_trainer,False,,
fit24:fp_eq_42c27564b5e2,トレッドミル,有酸素,cardio,treadmill,False,,
fit24:fp_eq_b6d80023b98e,リカンベントバイク,有酸素,cardio,recumbent_bike,False,,
fit24:fp_eq_ff5590b2d576,MTSアブドミナルクランチ,筋トレ,not_specified,abdominal,False,,
fit24:fp_eq_3178ca72e8b9,アシストチン/ディップ,筋トレ,not_specified,assisted_chin_dips,False,,
fit24:fp_eq_aacdbc212a99,アブダクター/アダクター,筋トレ,not_specified,hip_dual,False,,
fit24:fp_eq_92290a388416,アブドミナル,筋トレ,not_specified,abdominal,False,,
fit24:fp_eq_0ad74f66ef54,ショルダープレス,筋トレ,not_specified,shoulder_press_stack,False,,
fit24:fp_eq_643af5c350de,シーテッドレッグプレス,筋トレ,not_specified,leg_press,False,,
fit24:fp_eq_a9b8eb6ac7de,シーテッドロー,筋トレ,not_specified,seated_row_stack,False,,
fit24:fp_eq_fcd3123b51d6,スタンディングカーフ,筋トレ,not_specified,standing_calf,False,,
fit24:fp_eq_72c38ceaa2bb,チェストプレス,筋トレ,not_specified,chest_press_stack,False,,
fit24:fp_eq_b333827ebb7e,デュアルアジャスタブルプーリー,筋トレ,cable_named,dual_pulley,False,,
fit24:fp_eq_65010eaf30db,バイセップスカール,筋トレ,not_specified,arm_curl,False,,
fit24:fp_eq_7db705aa26cf,バックエクステンションベンチ,筋トレ,not_specified,back_extension_bench,False,,
fit24:fp_eq_8ea6e5d6dcd5,ヒップアダクション,筋トレ,not_specified,hip_adduction,False,,
fit24:fp_eq_b9c427fc2578,ヒップアブダクション,筋トレ,not_specified,hip_abduction,False,,
fit24:fp_eq_c563b0cde41a,ペックフライ/リアデルト,筋トレ,not_specified,fly_rear_delt,True,,
fit24:fp_eq_9a78705fffa6,ラテラルレイズ,筋トレ,not_specified,lateral_raise,False,,
fit24:fp_eq_2ca7b231d84c,レッグエクステンション,筋トレ,not_specified,leg_extension,False,,
fit24:fp_eq_f9136af0c9c1,ロータリートルソー,筋トレ,not_specified,rotary_torso,False,,
golds-gym:fp_eq_4f3c1d4553d6,クロストレーナー,有酸素,cardio,cross_trainer,False,,
golds-gym:fp_eq_7cf9cfdcb6fa,アイソラテラルローロー（プレートロード）,フリーウェイト,plate_loaded_explicit,plate_low_row,False,,
golds-gym:fp_eq_999e7b88bccd,アジャスタブル アームカールラック,フリーウェイト,not_specified,preacher_bench,False,,
golds-gym:fp_eq_0b7ade05c9c0,アジャスタブルインクラインベンチ,フリーウェイト,not_specified,incline_bench,False,,
golds-gym:fp_eq_f03fe62567c5,アジャスタブルフラット/インクラインベンチ,フリーウェイト,not_specified,flat_bench,False,,
golds-gym:fp_eq_f03fe62567c5,アジャスタブルフラット/インクラインベンチ,フリーウェイト,not_specified,incline_bench,False,,
golds-gym:fp_eq_c66a841e9ed5,アジャスタブルベンチ,フリーウェイト,not_specified,flat_bench,False,,
golds-gym:fp_eq_c66a841e9ed5,アジャスタブルベンチ,フリーウェイト,not_specified,incline_bench,False,,
golds-gym:fp_eq_538b557739d4,アジャスタブルマルチデクラインベンチ,フリーウェイト,not_specified,flat_bench,False,,
golds-gym:fp_eq_538b557739d4,アジャスタブルマルチデクラインベンチ,フリーウェイト,not_specified,decline_bench,False,,
golds-gym:fp_eq_5354722256ab,アームカールラック,フリーウェイト,not_specified,preacher_bench,False,,
golds-gym:fp_eq_e39013a1ac13,インクラインチェストプレス（プレートロード）,フリーウェイト,plate_loaded_explicit,plate_incline_press,False,,
golds-gym:fp_eq_81c024ca585c,インクラインプレス（プレートロード）,フリーウェイト,plate_loaded_explicit,plate_incline_press,False,,
golds-gym:fp_eq_53beebd50e63,カールベンチ,フリーウェイト,not_specified,preacher_bench,False,,
golds-gym:fp_eq_28e2a518cda8,ショルダープレス（プレートロード）,フリーウェイト,plate_loaded_explicit,plate_shoulder_press,False,,
golds-gym:fp_eq_51b78f0fad66,シーテッドチェストプレス（プレートロード）,フリーウェイト,plate_loaded_explicit,plate_chest_press,False,,
golds-gym:fp_eq_7da0bcec718d,シーテッドロー（プレートロード）,フリーウェイト,plate_loaded_explicit,plate_row,False,,
golds-gym:fp_eq_545431d61b99,ステアクライマー,有酸素,cardio,stair_climber,False,,
golds-gym:fp_eq_74ae16617af0,スミスマシン,フリーウェイト,not_specified,smith,False,,
golds-gym:fp_eq_cfbe87c2130c,スミスマシン（垂直）,フリーウェイト,not_specified,smith,False,,
golds-gym:fp_eq_693fa2dd0404,ダンベル（1〜50kg）,フリーウェイト,not_specified,dumbbell,False,,
golds-gym:fp_eq_86a486d021ac,チェストプレス（プレートロード）,フリーウェイト,plate_loaded_explicit,plate_chest_press,False,,
golds-gym:fp_eq_bf477b40108b,チン/ディップ,フリーウェイト,not_specified,dip_station,False,,
golds-gym:fp_eq_bf477b40108b,チン/ディップ,フリーウェイト,not_specified,pullup_station,False,,
golds-gym:fp_eq_062a12acce4a,チン/ディップ/レッグレイズ,フリーウェイト,not_specified,dip_station,False,,
golds-gym:fp_eq_062a12acce4a,チン/ディップ/レッグレイズ,フリーウェイト,not_specified,pullup_station,False,,
golds-gym:fp_eq_57ab45d08062,デクラインフラットベンチ,フリーウェイト,not_specified,flat_bench,False,,
golds-gym:fp_eq_57ab45d08062,デクラインフラットベンチ,フリーウェイト,not_specified,decline_bench,False,,
golds-gym:fp_eq_3ffb97ab19d3,ハイロー（プレートロード）,フリーウェイト,plate_loaded_explicit,plate_high_row,True,,
golds-gym:fp_eq_d45213d7da37,ハーフラック,フリーウェイト,not_specified,rack,False,,
golds-gym:fp_eq_e28aa6bb657a,バックエクステンションベンチ,フリーウェイト,not_specified,back_extension_bench,True,,
golds-gym:fp_eq_0b00220775cb,パワーラック,フリーウェイト,not_specified,rack,False,,
golds-gym:fp_eq_3e928d59ac6c,フラットベンチ,フリーウェイト,not_specified,flat_bench,False,,
golds-gym:fp_eq_7d511941de18,プルダウン（プレートロード）,フリーウェイト,plate_loaded_explicit,plate_pulldown,False,,
golds-gym:fp_eq_453fcb2d0cc8,マルチアジャスタブルデクラインベンチ,フリーウェイト,not_specified,flat_bench,False,,
golds-gym:fp_eq_453fcb2d0cc8,マルチアジャスタブルデクラインベンチ,フリーウェイト,not_specified,decline_bench,False,,
golds-gym:fp_eq_e506f8d1ce18,レッグプレス（プレートロード）,フリーウェイト,plate_loaded_explicit,plate_leg_press,False,,
golds-gym:fp_eq_7b6c1f290af2,ローロー（プレートロード）,フリーウェイト,plate_loaded_explicit,plate_low_row,False,,
golds-gym:fp_eq_2c02d5d9cb4d,ローワーバックベンチ,フリーウェイト,not_specified,back_extension_bench,False,,
golds-gym:fp_eq_0295744ab28f,ワイドプルダウン（プレートロード）,フリーウェイト,plate_loaded_explicit,plate_pulldown,False,,
golds-gym:fp_eq_f619fef1237b,アップライトバイク,有酸素,cardio,bike,False,,
golds-gym:fp_eq_9aa90f373d8e,ステアマスター,有酸素,cardio,stair_climber,False,,
golds-gym:fp_eq_42c27564b5e2,トレッドミル,有酸素,cardio,treadmill,False,,
golds-gym:fp_eq_b6d80023b98e,リカンベントバイク,有酸素,cardio,recumbent_bike,False,,
golds-gym:fp_eq_6e1280aa7ce9,アウターサイ,筋トレ,not_specified,hip_abduction,False,,
golds-gym:fp_eq_3178ca72e8b9,アシストチン/ディップ,筋トレ,not_specified,assisted_chin_dips,False,,
golds-gym:fp_eq_e8c7fd4da985,アジャスタブルデュアルプーリー,筋トレ,cable_named,dual_pulley,False,,
golds-gym:fp_eq_aacdbc212a99,アブダクター/アダクター,筋トレ,not_specified,hip_dual,False,,
golds-gym:fp_eq_92290a388416,アブドミナル,筋トレ,not_specified,abdominal,False,,
golds-gym:fp_eq_73709b637965,アブドミナルクランチ,筋トレ,not_specified,abdominal,False,,
golds-gym:fp_eq_980743687ce2,アームカール,筋トレ,not_specified,arm_curl,False,,
golds-gym:fp_eq_83deacc91b88,インナー/アウターサイ,筋トレ,not_specified,hip_dual,False,,
golds-gym:fp_eq_397c463724d0,インナーサイ,筋トレ,not_specified,hip_adduction,False,,
golds-gym:fp_eq_fc4c75bfea3e,インナーサイ/アウターサイ,筋トレ,not_specified,hip_dual,False,,
golds-gym:fp_eq_942b682a79da,グルートマシン,筋トレ,not_specified,glute_extension,False,,
golds-gym:fp_eq_4740a3f1901c,ケーブルクロスオーバー,筋トレ,cable_named,cable_crossover,False,,
golds-gym:fp_eq_0ad74f66ef54,ショルダープレス,筋トレ,not_specified,shoulder_press_stack,False,,
golds-gym:fp_eq_9ca6c9f86826,シーテッドチェストプレス,筋トレ,not_specified,chest_press_stack,False,,
golds-gym:fp_eq_df0b02e63072,シーテッドラテラルレイズ,筋トレ,not_specified,lateral_raise,False,,
golds-gym:fp_eq_2b7d06db3537,シーテッドレッグカール,筋トレ,not_specified,seated_leg_curl,False,,
golds-gym:fp_eq_504166305869,シーテッドレッグカール ROM,筋トレ,not_specified,seated_leg_curl,False,,
golds-gym:fp_eq_643af5c350de,シーテッドレッグプレス,筋トレ,not_specified,leg_press,False,,
golds-gym:fp_eq_a9b8eb6ac7de,シーテッドロー,筋トレ,not_specified,seated_row_stack,False,,
golds-gym:fp_eq_1caec5a7c3b6,スタンディングラテラルレイズ,筋トレ,not_specified,lateral_raise,False,,
golds-gym:fp_eq_72c38ceaa2bb,チェストプレス,筋トレ,not_specified,chest_press_stack,False,,
golds-gym:fp_eq_10ab0b55de72,チン/ディップ,筋トレ,not_specified,dip_station,False,,
golds-gym:fp_eq_10ab0b55de72,チン/ディップ,筋トレ,not_specified,pullup_station,False,,
golds-gym:fp_eq_4eb3f9de4efb,チン/ディップ/レッグレイズ,筋トレ,not_specified,dip_station,False,,
golds-gym:fp_eq_4eb3f9de4efb,チン/ディップ/レッグレイズ,筋トレ,not_specified,pullup_station,False,,
golds-gym:fp_eq_b333827ebb7e,デュアルアジャスタブルプーリー,筋トレ,cable_named,dual_pulley,False,,
golds-gym:fp_eq_ccf5c869fc06,ニーリングイージーチンディップ,筋トレ,not_specified,assisted_chin_dips,False,,
golds-gym:fp_eq_1112b516f6b2,バイセップカール,筋トレ,not_specified,arm_curl,False,,
golds-gym:fp_eq_9cbae3e29b25,バイセプスカール,筋トレ,not_specified,arm_curl,True,,
golds-gym:fp_eq_f7a344c7c227,バタフライ,筋トレ,not_specified,pec_fly,False,,
golds-gym:fp_eq_f32f7076c6a6,バタフライ/リアデルト,筋トレ,not_specified,fly_rear_delt,False,,
golds-gym:fp_eq_e7770dba9fda,バックエクステンション,筋トレ,not_specified,back_extension_machine,False,,
golds-gym:fp_eq_7db705aa26cf,バックエクステンションベンチ,筋トレ,not_specified,back_extension_bench,False,,
golds-gym:fp_eq_6ac44b958236,バックエクステンションマシン,筋トレ,not_specified,back_extension_machine,True,,
golds-gym:fp_eq_9d67a700c436,ヒップアダクター&ヒップアブダクター,筋トレ,not_specified,hip_dual,False,,
golds-gym:fp_eq_70aafcbfb322,ヒップアダクター/アブダクター デュアル,筋トレ,not_specified,hip_dual,False,,
golds-gym:fp_eq_ca218039d433,プローンレッグカール,筋トレ,not_specified,lying_leg_curl,False,,
golds-gym:fp_eq_f9234ea2e3c8,ペクトラル/リバースフライ,筋トレ,not_specified,fly_rear_delt,False,,
golds-gym:fp_eq_c563b0cde41a,ペックフライ/リアデルト,筋トレ,not_specified,fly_rear_delt,True,,
golds-gym:fp_eq_389ce19d52fa,ライイングレッグカール,筋トレ,not_specified,lying_leg_curl,False,,
golds-gym:fp_eq_9c94e4e7e8ab,ラットプルダウン（ケーブル）,筋トレ,cable_named,lat_cable_explicit,False,,
golds-gym:fp_eq_4f1c12690a70,ラットマシン（ケーブル）,筋トレ,cable_named,lat_cable_explicit,False,,
golds-gym:fp_eq_2ca7b231d84c,レッグエクステンション,筋トレ,not_specified,leg_extension,False,,
golds-gym:fp_eq_8c7eb420416c,レッグエクステンション ROM,筋トレ,not_specified,leg_extension,False,,
golds-gym:fp_eq_c21d68793fb5,レッグエクステンション（デュアルスタック）,筋トレ,not_specified,leg_extension,False,,
golds-gym:fp_eq_3810bb5f16f1,レッグプレス,筋トレ,not_specified,leg_press,False,,
golds-gym:fp_eq_f9136af0c9c1,ロータリートルソー,筋トレ,not_specified,rotary_torso,False,,
golds-gym:fp_eq_d1d756af5522,ローワーバック,筋トレ,not_specified,back_extension_machine,False,,
golds-gym:fp_eq_c16a25a58d3c,ローワーバックベンチ,筋トレ,not_specified,back_extension_bench,False,,
golds-gym:fp_eq_a3a7447d59b9,インクラインベンチ,フリーウェイト,not_specified,incline_bench,True,,
golds-gym:fp_eq_40a88c9a0f61,スクワットラック,フリーウェイト,not_specified,rack,False,,
golds-gym:fp_eq_e2f3c2ba7ec7,ダンベル,フリーウェイト,not_specified,dumbbell,False,,
golds-gym:fp_eq_7b69e5784787,バーベル,フリーウェイト,not_specified,barbell,False,,
golds-gym:fp_eq_dbf84a5a9b1e,可変式ダンベル,フリーウェイト,not_specified,dumbbell,False,,
hyper-fit24:fp_eq_c68989c7dceb,QuickDraw アジャスタブルダンベル,フリーウェイト,not_specified,dumbbell,False,,
hyper-fit24:fp_eq_af1b70370263,アジャスタブルデクラインベンチ,フリーウェイト,not_specified,decline_bench,False,,
hyper-fit24:fp_eq_c66a841e9ed5,アジャスタブルベンチ,フリーウェイト,not_specified,flat_bench,False,,
hyper-fit24:fp_eq_c66a841e9ed5,アジャスタブルベンチ,フリーウェイト,not_specified,incline_bench,False,,
hyper-fit24:fp_eq_a3a7447d59b9,インクラインベンチ,フリーウェイト,not_specified,incline_bench,False,,
hyper-fit24:fp_eq_74ae16617af0,スミスマシン,フリーウェイト,not_specified,smith,False,,
hyper-fit24:fp_eq_e2f3c2ba7ec7,ダンベル,フリーウェイト,not_specified,dumbbell,False,,
hyper-fit24:fp_eq_3016d3fe50b0,ダンベル（1〜10kg・ペア）,フリーウェイト,not_specified,dumbbell,False,,
hyper-fit24:fp_eq_96d62650b191,ダンベル（1〜40kg）,フリーウェイト,not_specified,dumbbell,False,,
hyper-fit24:fp_eq_693fa2dd0404,ダンベル（1〜50kg）,フリーウェイト,not_specified,dumbbell,False,,
hyper-fit24:fp_eq_b7703a71e057,ダンベル（60kg）,フリーウェイト,not_specified,dumbbell,False,,
hyper-fit24:fp_eq_d45213d7da37,ハーフラック,フリーウェイト,not_specified,rack,False,,
hyper-fit24:fp_eq_0b00220775cb,パワーラック,フリーウェイト,not_specified,rack,False,,
hyper-fit24:fp_eq_3e928d59ac6c,フラットベンチ,フリーウェイト,not_specified,flat_bench,False,,
hyper-fit24:fp_eq_c7f95fc4951a,プリーチャーカールベンチ,フリーウェイト,not_specified,preacher_bench,False,,
hyper-fit24:fp_eq_592b624d43a8,マルチアジャスタブルベンチ,フリーウェイト,not_specified,flat_bench,False,,
hyper-fit24:fp_eq_592b624d43a8,マルチアジャスタブルベンチ,フリーウェイト,not_specified,incline_bench,False,,
hyper-fit24:fp_eq_2c02d5d9cb4d,ローワーバックベンチ,フリーウェイト,not_specified,back_extension_bench,False,,
hyper-fit24:fp_eq_f619fef1237b,アップライトバイク,有酸素,cardio,bike,False,,
hyper-fit24:fp_eq_4f3c1d4553d6,クロストレーナー,有酸素,cardio,cross_trainer,False,,
hyper-fit24:fp_eq_42c27564b5e2,トレッドミル,有酸素,cardio,treadmill,False,,
hyper-fit24:fp_eq_b6d80023b98e,リカンベントバイク,有酸素,cardio,recumbent_bike,False,,
hyper-fit24:fp_eq_6e1280aa7ce9,アウターサイ,筋トレ,not_specified,hip_abduction,False,,
hyper-fit24:fp_eq_3178ca72e8b9,アシストチン/ディップ,筋トレ,not_specified,assisted_chin_dips,False,,
hyper-fit24:fp_eq_8b5c1dfdb4d5,アダクター,筋トレ,not_specified,hip_adduction,False,,
hyper-fit24:fp_eq_fd7fb40f9778,アブダクター,筋トレ,not_specified,hip_abduction,False,,
hyper-fit24:fp_eq_7ca58e7b6e99,アブダクター&アダクター,筋トレ,not_specified,hip_dual,False,,
hyper-fit24:fp_eq_92290a388416,アブドミナル,筋トレ,not_specified,abdominal,False,,
hyper-fit24:fp_eq_73709b637965,アブドミナルクランチ,筋トレ,not_specified,abdominal,False,,
hyper-fit24:fp_eq_96ce6b6158c1,アブドミナルトレーナー,筋トレ,not_specified,abdominal,False,,
hyper-fit24:fp_eq_980743687ce2,アームカール,筋トレ,not_specified,arm_curl,False,,
hyper-fit24:fp_eq_83deacc91b88,インナー/アウターサイ,筋トレ,not_specified,hip_dual,False,,
hyper-fit24:fp_eq_397c463724d0,インナーサイ,筋トレ,not_specified,hip_adduction,False,,
hyper-fit24:fp_eq_bb6ade376df0,グルートエクステンション,筋トレ,not_specified,glute_extension,False,,
hyper-fit24:fp_eq_0ad74f66ef54,ショルダープレス,筋トレ,not_specified,shoulder_press_stack,False,,
hyper-fit24:fp_eq_2b7d06db3537,シーテッドレッグカール,筋トレ,not_specified,seated_leg_curl,False,,
hyper-fit24:fp_eq_643af5c350de,シーテッドレッグプレス,筋トレ,not_specified,leg_press,False,,
hyper-fit24:fp_eq_a9b8eb6ac7de,シーテッドロー,筋トレ,not_specified,seated_row_stack,False,,
hyper-fit24:fp_eq_3641cf18fd37,スタンディングレッグカール,筋トレ,not_specified,standing_leg_curl,False,,
hyper-fit24:fp_eq_72c38ceaa2bb,チェストプレス,筋トレ,not_specified,chest_press_stack,False,,
hyper-fit24:fp_eq_4eb3f9de4efb,チン/ディップ/レッグレイズ,筋トレ,not_specified,dip_station,False,,
hyper-fit24:fp_eq_4eb3f9de4efb,チン/ディップ/レッグレイズ,筋トレ,not_specified,pullup_station,False,,
hyper-fit24:fp_eq_b333827ebb7e,デュアルアジャスタブルプーリー,筋トレ,cable_named,dual_pulley,False,,
hyper-fit24:fp_eq_f0f1fb218c5e,トルソーローテーション,筋トレ,not_specified,rotary_torso,False,,
hyper-fit24:fp_eq_ccf5c869fc06,ニーリングイージーチンディップ,筋トレ,not_specified,assisted_chin_dips,False,,
hyper-fit24:fp_eq_1112b516f6b2,バイセップカール,筋トレ,not_specified,arm_curl,False,,
hyper-fit24:fp_eq_9cbae3e29b25,バイセプスカール,筋トレ,not_specified,arm_curl,True,,
hyper-fit24:fp_eq_e7770dba9fda,バックエクステンション,筋トレ,not_specified,back_extension_machine,False,,
hyper-fit24:fp_eq_ca218039d433,プローンレッグカール,筋トレ,not_specified,lying_leg_curl,False,,
hyper-fit24:fp_eq_c563b0cde41a,ペックフライ/リアデルト,筋トレ,not_specified,fly_rear_delt,True,,
hyper-fit24:fp_eq_9a78705fffa6,ラテラルレイズ,筋トレ,not_specified,lateral_raise,False,,
hyper-fit24:fp_eq_b7180c0d76cf,リニアレッグプレス,筋トレ,not_specified,leg_press,False,,
hyper-fit24:fp_eq_2ca7b231d84c,レッグエクステンション,筋トレ,not_specified,leg_extension,False,,
hyper-fit24:fp_eq_3810bb5f16f1,レッグプレス,筋トレ,not_specified,leg_press,False,,
hyper-fit24:fp_eq_f9136af0c9c1,ロータリートルソー,筋トレ,not_specified,rotary_torso,False,,
joyfit24:fp_eq_7cf9cfdcb6fa,アイソラテラルローロー（プレートロード）,フリーウェイト,plate_loaded_explicit,plate_low_row,False,,
joyfit24:fp_eq_999e7b88bccd,アジャスタブル アームカールラック,フリーウェイト,not_specified,preacher_bench,False,,
joyfit24:fp_eq_0b7ade05c9c0,アジャスタブルインクラインベンチ,フリーウェイト,not_specified,incline_bench,False,,
joyfit24:fp_eq_f03fe62567c5,アジャスタブルフラット/インクラインベンチ,フリーウェイト,not_specified,flat_bench,False,,
joyfit24:fp_eq_f03fe62567c5,アジャスタブルフラット/インクラインベンチ,フリーウェイト,not_specified,incline_bench,False,,
joyfit24:fp_eq_c66a841e9ed5,アジャスタブルベンチ,フリーウェイト,not_specified,flat_bench,False,,
joyfit24:fp_eq_c66a841e9ed5,アジャスタブルベンチ,フリーウェイト,not_specified,incline_bench,False,,
joyfit24:fp_eq_538b557739d4,アジャスタブルマルチデクラインベンチ,フリーウェイト,not_specified,flat_bench,False,,
joyfit24:fp_eq_538b557739d4,アジャスタブルマルチデクラインベンチ,フリーウェイト,not_specified,decline_bench,False,,
joyfit24:fp_eq_5354722256ab,アームカールラック,フリーウェイト,not_specified,preacher_bench,False,,
joyfit24:fp_eq_e39013a1ac13,インクラインチェストプレス（プレートロード）,フリーウェイト,plate_loaded_explicit,plate_incline_press,False,,
joyfit24:fp_eq_81c024ca585c,インクラインプレス（プレートロード）,フリーウェイト,plate_loaded_explicit,plate_incline_press,False,,
joyfit24:fp_eq_53beebd50e63,カールベンチ,フリーウェイト,not_specified,preacher_bench,False,,
joyfit24:fp_eq_28e2a518cda8,ショルダープレス（プレートロード）,フリーウェイト,plate_loaded_explicit,plate_shoulder_press,False,,
joyfit24:fp_eq_51b78f0fad66,シーテッドチェストプレス（プレートロード）,フリーウェイト,plate_loaded_explicit,plate_chest_press,False,,
joyfit24:fp_eq_7da0bcec718d,シーテッドロー（プレートロード）,フリーウェイト,plate_loaded_explicit,plate_row,False,,
joyfit24:fp_eq_74ae16617af0,スミスマシン,フリーウェイト,not_specified,smith,False,,
joyfit24:fp_eq_cfbe87c2130c,スミスマシン（垂直）,フリーウェイト,not_specified,smith,False,,
joyfit24:fp_eq_693fa2dd0404,ダンベル（1〜50kg）,フリーウェイト,not_specified,dumbbell,False,,
joyfit24:fp_eq_86a486d021ac,チェストプレス（プレートロード）,フリーウェイト,plate_loaded_explicit,plate_chest_press,False,,
joyfit24:fp_eq_bf477b40108b,チン/ディップ,フリーウェイト,not_specified,dip_station,False,,
joyfit24:fp_eq_bf477b40108b,チン/ディップ,フリーウェイト,not_specified,pullup_station,False,,
joyfit24:fp_eq_062a12acce4a,チン/ディップ/レッグレイズ,フリーウェイト,not_specified,dip_station,False,,
joyfit24:fp_eq_062a12acce4a,チン/ディップ/レッグレイズ,フリーウェイト,not_specified,pullup_station,False,,
joyfit24:fp_eq_57ab45d08062,デクラインフラットベンチ,フリーウェイト,not_specified,flat_bench,False,,
joyfit24:fp_eq_57ab45d08062,デクラインフラットベンチ,フリーウェイト,not_specified,decline_bench,False,,
joyfit24:fp_eq_3ffb97ab19d3,ハイロー（プレートロード）,フリーウェイト,plate_loaded_explicit,plate_high_row,True,,
joyfit24:fp_eq_d45213d7da37,ハーフラック,フリーウェイト,not_specified,rack,False,,
joyfit24:fp_eq_e28aa6bb657a,バックエクステンションベンチ,フリーウェイト,not_specified,back_extension_bench,True,,
joyfit24:fp_eq_0b00220775cb,パワーラック,フリーウェイト,not_specified,rack,False,,
joyfit24:fp_eq_3e928d59ac6c,フラットベンチ,フリーウェイト,not_specified,flat_bench,False,,
joyfit24:fp_eq_7d511941de18,プルダウン（プレートロード）,フリーウェイト,plate_loaded_explicit,plate_pulldown,False,,
joyfit24:fp_eq_453fcb2d0cc8,マルチアジャスタブルデクラインベンチ,フリーウェイト,not_specified,flat_bench,False,,
joyfit24:fp_eq_453fcb2d0cc8,マルチアジャスタブルデクラインベンチ,フリーウェイト,not_specified,decline_bench,False,,
joyfit24:fp_eq_e506f8d1ce18,レッグプレス（プレートロード）,フリーウェイト,plate_loaded_explicit,plate_leg_press,False,,
joyfit24:fp_eq_7b6c1f290af2,ローロー（プレートロード）,フリーウェイト,plate_loaded_explicit,plate_low_row,False,,
joyfit24:fp_eq_2c02d5d9cb4d,ローワーバックベンチ,フリーウェイト,not_specified,back_extension_bench,False,,
joyfit24:fp_eq_0295744ab28f,ワイドプルダウン（プレートロード）,フリーウェイト,plate_loaded_explicit,plate_pulldown,False,,
joyfit24:fp_eq_f619fef1237b,アップライトバイク,有酸素,cardio,bike,False,,
joyfit24:fp_eq_4f3c1d4553d6,クロストレーナー,有酸素,cardio,cross_trainer,False,,
joyfit24:fp_eq_545431d61b99,ステアクライマー,有酸素,cardio,stair_climber,False,,
joyfit24:fp_eq_9aa90f373d8e,ステアマスター,有酸素,cardio,stair_climber,False,,
joyfit24:fp_eq_42c27564b5e2,トレッドミル,有酸素,cardio,treadmill,False,,
joyfit24:fp_eq_b6d80023b98e,リカンベントバイク,有酸素,cardio,recumbent_bike,False,,
joyfit24:fp_eq_6e1280aa7ce9,アウターサイ,筋トレ,not_specified,hip_abduction,False,,
joyfit24:fp_eq_3178ca72e8b9,アシストチン/ディップ,筋トレ,not_specified,assisted_chin_dips,False,,
joyfit24:fp_eq_e8c7fd4da985,アジャスタブルデュアルプーリー,筋トレ,cable_named,dual_pulley,False,,
joyfit24:fp_eq_aacdbc212a99,アブダクター/アダクター,筋トレ,not_specified,hip_dual,False,,
joyfit24:fp_eq_92290a388416,アブドミナル,筋トレ,not_specified,abdominal,False,,
joyfit24:fp_eq_73709b637965,アブドミナルクランチ,筋トレ,not_specified,abdominal,False,,
joyfit24:fp_eq_980743687ce2,アームカール,筋トレ,not_specified,arm_curl,False,,
joyfit24:fp_eq_2b7d06db3537,シーテッドレッグカール,筋トレ,not_specified,seated_leg_curl,False,,
joyfit24:fp_eq_83deacc91b88,インナー/アウターサイ,筋トレ,not_specified,hip_dual,False,,
joyfit24:fp_eq_397c463724d0,インナーサイ,筋トレ,not_specified,hip_adduction,False,,
joyfit24:fp_eq_fc4c75bfea3e,インナーサイ/アウターサイ,筋トレ,not_specified,hip_dual,False,,
joyfit24:fp_eq_942b682a79da,グルートマシン,筋トレ,not_specified,glute_extension,False,,
joyfit24:fp_eq_4740a3f1901c,ケーブルクロスオーバー,筋トレ,cable_named,cable_crossover,False,,
joyfit24:fp_eq_0ad74f66ef54,ショルダープレス,筋トレ,not_specified,shoulder_press_stack,False,,
joyfit24:fp_eq_9ca6c9f86826,シーテッドチェストプレス,筋トレ,not_specified,chest_press_stack,False,,
joyfit24:fp_eq_df0b02e63072,シーテッドラテラルレイズ,筋トレ,not_specified,lateral_raise,False,,
joyfit24:fp_eq_504166305869,シーテッドレッグカール ROM,筋トレ,not_specified,seated_leg_curl,False,,
joyfit24:fp_eq_643af5c350de,シーテッドレッグプレス,筋トレ,not_specified,leg_press,False,,
joyfit24:fp_eq_a9b8eb6ac7de,シーテッドロー,筋トレ,not_specified,seated_row_stack,False,,
joyfit24:fp_eq_1caec5a7c3b6,スタンディングラテラルレイズ,筋トレ,not_specified,lateral_raise,False,,
joyfit24:fp_eq_72c38ceaa2bb,チェストプレス,筋トレ,not_specified,chest_press_stack,False,,
joyfit24:fp_eq_10ab0b55de72,チン/ディップ,筋トレ,not_specified,dip_station,False,,
joyfit24:fp_eq_10ab0b55de72,チン/ディップ,筋トレ,not_specified,pullup_station,False,,
joyfit24:fp_eq_4eb3f9de4efb,チン/ディップ/レッグレイズ,筋トレ,not_specified,dip_station,False,,
joyfit24:fp_eq_4eb3f9de4efb,チン/ディップ/レッグレイズ,筋トレ,not_specified,pullup_station,False,,
joyfit24:fp_eq_b333827ebb7e,デュアルアジャスタブルプーリー,筋トレ,cable_named,dual_pulley,False,,
joyfit24:fp_eq_ccf5c869fc06,ニーリングイージーチンディップ,筋トレ,not_specified,assisted_chin_dips,False,,
joyfit24:fp_eq_1112b516f6b2,バイセップカール,筋トレ,not_specified,arm_curl,False,,
joyfit24:fp_eq_9cbae3e29b25,バイセプスカール,筋トレ,not_specified,arm_curl,True,,
joyfit24:fp_eq_f7a344c7c227,バタフライ,筋トレ,not_specified,pec_fly,False,,
joyfit24:fp_eq_f32f7076c6a6,バタフライ/リアデルト,筋トレ,not_specified,fly_rear_delt,False,,
joyfit24:fp_eq_e7770dba9fda,バックエクステンション,筋トレ,not_specified,back_extension_machine,False,,
joyfit24:fp_eq_7db705aa26cf,バックエクステンションベンチ,筋トレ,not_specified,back_extension_bench,False,,
joyfit24:fp_eq_6ac44b958236,バックエクステンションマシン,筋トレ,not_specified,back_extension_machine,True,,
joyfit24:fp_eq_9d67a700c436,ヒップアダクター&ヒップアブダクター,筋トレ,not_specified,hip_dual,False,,
joyfit24:fp_eq_70aafcbfb322,ヒップアダクター/アブダクター デュアル,筋トレ,not_specified,hip_dual,False,,
joyfit24:fp_eq_ca218039d433,プローンレッグカール,筋トレ,not_specified,lying_leg_curl,False,,
joyfit24:fp_eq_f9234ea2e3c8,ペクトラル/リバースフライ,筋トレ,not_specified,fly_rear_delt,False,,
joyfit24:fp_eq_c563b0cde41a,ペックフライ/リアデルト,筋トレ,not_specified,fly_rear_delt,True,,
joyfit24:fp_eq_389ce19d52fa,ライイングレッグカール,筋トレ,not_specified,lying_leg_curl,False,,
joyfit24:fp_eq_9c94e4e7e8ab,ラットプルダウン（ケーブル）,筋トレ,cable_named,lat_cable_explicit,False,,
joyfit24:fp_eq_4f1c12690a70,ラットマシン（ケーブル）,筋トレ,cable_named,lat_cable_explicit,False,,
joyfit24:fp_eq_2ca7b231d84c,レッグエクステンション,筋トレ,not_specified,leg_extension,False,,
joyfit24:fp_eq_8c7eb420416c,レッグエクステンション ROM,筋トレ,not_specified,leg_extension,False,,
joyfit24:fp_eq_c21d68793fb5,レッグエクステンション（デュアルスタック）,筋トレ,not_specified,leg_extension,False,,
joyfit24:fp_eq_3810bb5f16f1,レッグプレス,筋トレ,not_specified,leg_press,False,,
joyfit24:fp_eq_f9136af0c9c1,ロータリートルソー,筋トレ,not_specified,rotary_torso,False,,
joyfit24:fp_eq_d1d756af5522,ローワーバック,筋トレ,not_specified,back_extension_machine,False,,
joyfit24:fp_eq_c16a25a58d3c,ローワーバックベンチ,筋トレ,not_specified,back_extension_bench,False,,
joyfit24:fp_eq_3fdb79224eea,45°レッグプレス,筋トレ,not_specified,leg_press,False,,
joyfit24:fp_eq_8bfc233749ed,45°レッグプレス（プレートロード）,筋トレ,plate_loaded_explicit,plate_leg_press,False,,
joyfit24:fp_eq_f796d7d6fd6d,アシストチンディップ,筋トレ,not_specified,assisted_chin_dips,False,,
joyfit24:fp_eq_986d089885b3,アダクション,筋トレ,not_specified,hip_adduction,False,,
joyfit24:fp_eq_8b5c1dfdb4d5,アダクター,筋トレ,not_specified,hip_adduction,False,,
joyfit24:fp_eq_c3a43fbe8843,アブダクション,筋トレ,not_specified,hip_abduction,False,,
joyfit24:fp_eq_fd7fb40f9778,アブダクター,筋トレ,not_specified,hip_abduction,False,,
joyfit24:fp_eq_a08bea3e1190,ケーブルクロス,筋トレ,cable_named,cable_crossover,False,,
joyfit24:fp_eq_180007604d98,ケーブルラットプルダウン,筋トレ,cable_named,lat_cable_explicit,False,,
joyfit24:fp_eq_c0d7e18d7f08,シーテッドレッグエクステンション,筋トレ,not_specified,leg_extension,False,,
joyfit24:fp_eq_c0c7dce9a578,スタンディング ラテラルレイズ,筋トレ,not_specified,lateral_raise,False,,
joyfit24:fp_eq_7c733718a987,チェストプレス（プレートロード）,筋トレ,plate_loaded_explicit,plate_chest_press,False,,
joyfit24:fp_eq_60eb094097c3,チンアシスト,筋トレ,not_specified,assisted_chin,False,,
joyfit24:fp_eq_269fe8441763,ディップスアシスト,筋トレ,not_specified,assisted_dips,False,,
joyfit24:fp_eq_509196d87a78,ディップス台,筋トレ,not_specified,dip_station,False,,
joyfit24:fp_eq_90924a8d03e0,トータルアブドミナル,筋トレ,not_specified,abdominal,False,,
joyfit24:fp_eq_2e5be742810c,ニーリングチンディップ,筋トレ,not_specified,assisted_chin_dips,False,,
joyfit24:fp_eq_65010eaf30db,バイセップスカール,筋トレ,not_specified,arm_curl,False,,
joyfit24:fp_eq_8ea6e5d6dcd5,ヒップアダクション,筋トレ,not_specified,hip_adduction,False,,
joyfit24:fp_eq_5159c25bfabc,ヒップアダクター,筋トレ,not_specified,hip_adduction,False,,
joyfit24:fp_eq_b9c427fc2578,ヒップアブダクション,筋トレ,not_specified,hip_abduction,False,,
joyfit24:fp_eq_3a337a018c6d,ヒップアブダクター,筋トレ,not_specified,hip_abduction,False,,
joyfit24:fp_eq_dd804900cf76,ペクトラルフライ,筋トレ,not_specified,pec_fly,False,,
joyfit24:fp_eq_c96e7ef5ae9a,ペックフライ,筋トレ,not_specified,pec_fly,False,,
joyfit24:fp_eq_8e1a72b9b843,ラットプル(ケーブル),筋トレ,cable_named,lat_cable_explicit,False,,
joyfit24:fp_eq_c4d67d45e67c,ラットプルダウン(ケーブル),筋トレ,cable_named,lat_cable_explicit,False,,
joyfit24:fp_eq_4455a5b6716b,ラットマシン(ケーブル),筋トレ,cable_named,lat_cable_explicit,False,,
joyfit24:fp_eq_9a78705fffa6,ラテラルレイズ,筋トレ,not_specified,lateral_raise,False,,
joyfit24:fp_eq_9c49321727ba,リアデルト,筋トレ,not_specified,rear_delt,False,,
joyfit24:fp_eq_5f35a880cc2f,リアデルトフライ,筋トレ,not_specified,rear_delt,False,,
joyfit24:fp_eq_76085ba589ea,レッグプレス（プレートロード）,筋トレ,plate_loaded_explicit,plate_leg_press,False,,
joyfit24:fp_eq_2e9d90b63052,ローロー（プレートロード）,筋トレ,plate_loaded_explicit,plate_low_row,False,,
joyfit24:fp_eq_f1c40eac4516,背筋台,筋トレ,not_specified,back_extension_bench,False,,
joyfit24:fp_eq_1cee6a737b93,45°レッグプレス（プレートロード）,フリーウェイト,plate_loaded_explicit,plate_leg_press,False,,
joyfit24:fp_eq_fc72595a2ca0,EZバー,フリーウェイト,not_specified,ez_bar,False,,
joyfit24:fp_eq_a3a7447d59b9,インクラインベンチ,フリーウェイト,not_specified,incline_bench,False,,
joyfit24:fp_eq_55e9ecd30185,ダンベル12～30kg,フリーウェイト,not_specified,dumbbell,False,,
joyfit24:fp_eq_155470518e1c,ダンベル12～50kg,フリーウェイト,not_specified,dumbbell,False,,
joyfit24:fp_eq_1d54d749d41a,ダンベル1～10kg,フリーウェイト,not_specified,dumbbell,False,,
joyfit24:fp_eq_b529a9d0e404,ダンベル1～30kg,フリーウェイト,not_specified,dumbbell,False,,
joyfit24:fp_eq_ca2b7f58d3f6,ダンベル1～34kg,フリーウェイト,not_specified,dumbbell,False,,
joyfit24:fp_eq_6c7acb413e43,ダンベル1～40kg,フリーウェイト,not_specified,dumbbell,False,,
joyfit24:fp_eq_3ba378ce53dd,デクラインプレス（プレートロード）,フリーウェイト,plate_loaded_explicit,plate_decline_press,False,,
joyfit24:fp_eq_f1a3ffa3bce7,ファンクショナルトレーナー,フリーウェイト,not_specified,dual_pulley,False,,
joyfit24:fp_eq_c7f95fc4951a,プリーチャーカールベンチ,フリーウェイト,not_specified,preacher_bench,False,,
joyfit24:fp_eq_b8442ef65572,メガパワーラック,フリーウェイト,not_specified,rack,False,,
smart-fit100:fp_eq_4f3c1d4553d6,クロストレーナー,有酸素,cardio,cross_trainer,False,,
joyfit24:fp_eq_8afa0aa276b0,背筋台,フリーウェイト,not_specified,back_extension_bench,False,,
smart-fit100:fp_eq_74ae16617af0,スミスマシン,フリーウェイト,not_specified,smith,False,,
smart-fit100:fp_eq_37968e245797,ダンベル（1〜30kg）,フリーウェイト,not_specified,dumbbell,False,,
smart-fit100:fp_eq_4009bedda6ef,ダンベル（1〜45kg）,フリーウェイト,not_specified,dumbbell,False,,
smart-fit100:fp_eq_d45213d7da37,ハーフラック,フリーウェイト,not_specified,rack,False,,
smart-fit100:fp_eq_0b00220775cb,パワーラック,フリーウェイト,not_specified,rack,False,,
smart-fit100:fp_eq_592b624d43a8,マルチアジャスタブルベンチ,フリーウェイト,not_specified,flat_bench,False,,
smart-fit100:fp_eq_592b624d43a8,マルチアジャスタブルベンチ,フリーウェイト,not_specified,incline_bench,False,,
smart-fit100:fp_eq_f619fef1237b,アップライトバイク,有酸素,cardio,bike,False,,
smart-fit100:fp_eq_42c27564b5e2,トレッドミル,有酸素,cardio,treadmill,False,,
smart-fit100:fp_eq_b6d80023b98e,リカンベントバイク,有酸素,cardio,recumbent_bike,False,,
smart-fit100:fp_eq_7c62249e5570,45度レッグプレス,筋トレ,not_specified,leg_press,False,,
smart-fit100:fp_eq_6e1280aa7ce9,アウターサイ,筋トレ,not_specified,hip_abduction,False,,
smart-fit100:fp_eq_3178ca72e8b9,アシストチン/ディップ,筋トレ,not_specified,assisted_chin_dips,False,,
smart-fit100:fp_eq_aacdbc212a99,アブダクター/アダクター,筋トレ,not_specified,hip_dual,False,,
smart-fit100:fp_eq_92290a388416,アブドミナル,筋トレ,not_specified,abdominal,False,,
smart-fit100:fp_eq_980743687ce2,アームカール,筋トレ,not_specified,arm_curl,False,,
smart-fit100:fp_eq_397c463724d0,インナーサイ,筋トレ,not_specified,hip_adduction,False,,
smart-fit100:fp_eq_0ad74f66ef54,ショルダープレス,筋トレ,not_specified,shoulder_press_stack,False,,
smart-fit100:fp_eq_72c38ceaa2bb,チェストプレス,筋トレ,not_specified,chest_press_stack,False,,
smart-fit100:fp_eq_e7770dba9fda,バックエクステンション,筋トレ,not_specified,back_extension_machine,False,,
smart-fit100:fp_eq_7db705aa26cf,バックエクステンションベンチ,筋トレ,not_specified,back_extension_bench,False,,
smart-fit100:fp_eq_c96e7ef5ae9a,ペックフライ,筋トレ,not_specified,pec_fly,False,,
smart-fit100:fp_eq_c563b0cde41a,ペックフライ/リアデルト,筋トレ,not_specified,fly_rear_delt,True,,
smart-fit100:fp_eq_2ca7b231d84c,レッグエクステンション,筋トレ,not_specified,leg_extension,False,,
smart-fit100:fp_eq_3810bb5f16f1,レッグプレス,筋トレ,not_specified,leg_press,False,,
smart-fit100:fp_eq_f9136af0c9c1,ロータリートルソー,筋トレ,not_specified,rotary_torso,False,,
world-plus-gym:fp_eq_7cf9cfdcb6fa,アイソラテラルローロー（プレートロード）,フリーウェイト,plate_loaded_explicit,plate_low_row,False,,
world-plus-gym:fp_eq_999e7b88bccd,アジャスタブル アームカールラック,フリーウェイト,not_specified,preacher_bench,False,,
world-plus-gym:fp_eq_0b7ade05c9c0,アジャスタブルインクラインベンチ,フリーウェイト,not_specified,incline_bench,False,,
world-plus-gym:fp_eq_f03fe62567c5,アジャスタブルフラット/インクラインベンチ,フリーウェイト,not_specified,flat_bench,False,,
world-plus-gym:fp_eq_f03fe62567c5,アジャスタブルフラット/インクラインベンチ,フリーウェイト,not_specified,incline_bench,False,,
world-plus-gym:fp_eq_c66a841e9ed5,アジャスタブルベンチ,フリーウェイト,not_specified,flat_bench,False,,
world-plus-gym:fp_eq_c66a841e9ed5,アジャスタブルベンチ,フリーウェイト,not_specified,incline_bench,False,,
world-plus-gym:fp_eq_538b557739d4,アジャスタブルマルチデクラインベンチ,フリーウェイト,not_specified,flat_bench,False,,
world-plus-gym:fp_eq_538b557739d4,アジャスタブルマルチデクラインベンチ,フリーウェイト,not_specified,decline_bench,False,,
world-plus-gym:fp_eq_5354722256ab,アームカールラック,フリーウェイト,not_specified,preacher_bench,False,,
world-plus-gym:fp_eq_e39013a1ac13,インクラインチェストプレス（プレートロード）,フリーウェイト,plate_loaded_explicit,plate_incline_press,False,,
world-plus-gym:fp_eq_81c024ca585c,インクラインプレス（プレートロード）,フリーウェイト,plate_loaded_explicit,plate_incline_press,False,,
world-plus-gym:fp_eq_53beebd50e63,カールベンチ,フリーウェイト,not_specified,preacher_bench,False,,
world-plus-gym:fp_eq_28e2a518cda8,ショルダープレス（プレートロード）,フリーウェイト,plate_loaded_explicit,plate_shoulder_press,False,,
world-plus-gym:fp_eq_51b78f0fad66,シーテッドチェストプレス（プレートロード）,フリーウェイト,plate_loaded_explicit,plate_chest_press,False,,
world-plus-gym:fp_eq_7da0bcec718d,シーテッドロー（プレートロード）,フリーウェイト,plate_loaded_explicit,plate_row,False,,
world-plus-gym:fp_eq_74ae16617af0,スミスマシン,フリーウェイト,not_specified,smith,False,,
world-plus-gym:fp_eq_cfbe87c2130c,スミスマシン（垂直）,フリーウェイト,not_specified,smith,False,,
world-plus-gym:fp_eq_693fa2dd0404,ダンベル（1〜50kg）,フリーウェイト,not_specified,dumbbell,False,,
world-plus-gym:fp_eq_86a486d021ac,チェストプレス（プレートロード）,フリーウェイト,plate_loaded_explicit,plate_chest_press,False,,
world-plus-gym:fp_eq_bf477b40108b,チン/ディップ,フリーウェイト,not_specified,dip_station,False,,
world-plus-gym:fp_eq_bf477b40108b,チン/ディップ,フリーウェイト,not_specified,pullup_station,False,,
world-plus-gym:fp_eq_062a12acce4a,チン/ディップ/レッグレイズ,フリーウェイト,not_specified,dip_station,False,,
world-plus-gym:fp_eq_062a12acce4a,チン/ディップ/レッグレイズ,フリーウェイト,not_specified,pullup_station,False,,
world-plus-gym:fp_eq_57ab45d08062,デクラインフラットベンチ,フリーウェイト,not_specified,flat_bench,False,,
world-plus-gym:fp_eq_57ab45d08062,デクラインフラットベンチ,フリーウェイト,not_specified,decline_bench,False,,
world-plus-gym:fp_eq_3ffb97ab19d3,ハイロー（プレートロード）,フリーウェイト,plate_loaded_explicit,plate_high_row,True,,
world-plus-gym:fp_eq_d45213d7da37,ハーフラック,フリーウェイト,not_specified,rack,False,,
world-plus-gym:fp_eq_e28aa6bb657a,バックエクステンションベンチ,フリーウェイト,not_specified,back_extension_bench,True,,
world-plus-gym:fp_eq_0b00220775cb,パワーラック,フリーウェイト,not_specified,rack,False,,
world-plus-gym:fp_eq_3e928d59ac6c,フラットベンチ,フリーウェイト,not_specified,flat_bench,False,,
world-plus-gym:fp_eq_7d511941de18,プルダウン（プレートロード）,フリーウェイト,plate_loaded_explicit,plate_pulldown,False,,
world-plus-gym:fp_eq_453fcb2d0cc8,マルチアジャスタブルデクラインベンチ,フリーウェイト,not_specified,flat_bench,False,,
world-plus-gym:fp_eq_453fcb2d0cc8,マルチアジャスタブルデクラインベンチ,フリーウェイト,not_specified,decline_bench,False,,
world-plus-gym:fp_eq_e506f8d1ce18,レッグプレス（プレートロード）,フリーウェイト,plate_loaded_explicit,plate_leg_press,False,,
world-plus-gym:fp_eq_7b6c1f290af2,ローロー（プレートロード）,フリーウェイト,plate_loaded_explicit,plate_low_row,False,,
world-plus-gym:fp_eq_2c02d5d9cb4d,ローワーバックベンチ,フリーウェイト,not_specified,back_extension_bench,False,,
world-plus-gym:fp_eq_0295744ab28f,ワイドプルダウン（プレートロード）,フリーウェイト,plate_loaded_explicit,plate_pulldown,False,,
world-plus-gym:fp_eq_f619fef1237b,アップライトバイク,有酸素,cardio,bike,False,,
world-plus-gym:fp_eq_4f3c1d4553d6,クロストレーナー,有酸素,cardio,cross_trainer,False,,
world-plus-gym:fp_eq_545431d61b99,ステアクライマー,有酸素,cardio,stair_climber,False,,
world-plus-gym:fp_eq_9aa90f373d8e,ステアマスター,有酸素,cardio,stair_climber,False,,
world-plus-gym:fp_eq_42c27564b5e2,トレッドミル,有酸素,cardio,treadmill,False,,
world-plus-gym:fp_eq_b6d80023b98e,リカンベントバイク,有酸素,cardio,recumbent_bike,False,,
world-plus-gym:fp_eq_6e1280aa7ce9,アウターサイ,筋トレ,not_specified,hip_abduction,False,,
world-plus-gym:fp_eq_3178ca72e8b9,アシストチン/ディップ,筋トレ,not_specified,assisted_chin_dips,False,,
world-plus-gym:fp_eq_e8c7fd4da985,アジャスタブルデュアルプーリー,筋トレ,cable_named,dual_pulley,False,,
world-plus-gym:fp_eq_aacdbc212a99,アブダクター/アダクター,筋トレ,not_specified,hip_dual,False,,
world-plus-gym:fp_eq_92290a388416,アブドミナル,筋トレ,not_specified,abdominal,False,,
world-plus-gym:fp_eq_73709b637965,アブドミナルクランチ,筋トレ,not_specified,abdominal,False,,
world-plus-gym:fp_eq_980743687ce2,アームカール,筋トレ,not_specified,arm_curl,False,,
world-plus-gym:fp_eq_83deacc91b88,インナー/アウターサイ,筋トレ,not_specified,hip_dual,False,,
world-plus-gym:fp_eq_397c463724d0,インナーサイ,筋トレ,not_specified,hip_adduction,False,,
world-plus-gym:fp_eq_fc4c75bfea3e,インナーサイ/アウターサイ,筋トレ,not_specified,hip_dual,False,,
world-plus-gym:fp_eq_942b682a79da,グルートマシン,筋トレ,not_specified,glute_extension,False,,
world-plus-gym:fp_eq_4740a3f1901c,ケーブルクロスオーバー,筋トレ,cable_named,cable_crossover,False,,
world-plus-gym:fp_eq_0ad74f66ef54,ショルダープレス,筋トレ,not_specified,shoulder_press_stack,False,,
world-plus-gym:fp_eq_9ca6c9f86826,シーテッドチェストプレス,筋トレ,not_specified,chest_press_stack,False,,
world-plus-gym:fp_eq_df0b02e63072,シーテッドラテラルレイズ,筋トレ,not_specified,lateral_raise,False,,
world-plus-gym:fp_eq_2b7d06db3537,シーテッドレッグカール,筋トレ,not_specified,seated_leg_curl,False,,
world-plus-gym:fp_eq_504166305869,シーテッドレッグカール ROM,筋トレ,not_specified,seated_leg_curl,False,,
world-plus-gym:fp_eq_643af5c350de,シーテッドレッグプレス,筋トレ,not_specified,leg_press,False,,
world-plus-gym:fp_eq_a9b8eb6ac7de,シーテッドロー,筋トレ,not_specified,seated_row_stack,False,,
world-plus-gym:fp_eq_1caec5a7c3b6,スタンディングラテラルレイズ,筋トレ,not_specified,lateral_raise,False,,
world-plus-gym:fp_eq_72c38ceaa2bb,チェストプレス,筋トレ,not_specified,chest_press_stack,False,,
world-plus-gym:fp_eq_10ab0b55de72,チン/ディップ,筋トレ,not_specified,dip_station,False,,
world-plus-gym:fp_eq_10ab0b55de72,チン/ディップ,筋トレ,not_specified,pullup_station,False,,
world-plus-gym:fp_eq_4eb3f9de4efb,チン/ディップ/レッグレイズ,筋トレ,not_specified,dip_station,False,,
world-plus-gym:fp_eq_4eb3f9de4efb,チン/ディップ/レッグレイズ,筋トレ,not_specified,pullup_station,False,,
world-plus-gym:fp_eq_b333827ebb7e,デュアルアジャスタブルプーリー,筋トレ,cable_named,dual_pulley,False,,
world-plus-gym:fp_eq_ccf5c869fc06,ニーリングイージーチンディップ,筋トレ,not_specified,assisted_chin_dips,False,,
world-plus-gym:fp_eq_1112b516f6b2,バイセップカール,筋トレ,not_specified,arm_curl,False,,
world-plus-gym:fp_eq_9cbae3e29b25,バイセプスカール,筋トレ,not_specified,arm_curl,True,,
world-plus-gym:fp_eq_f7a344c7c227,バタフライ,筋トレ,not_specified,pec_fly,False,,
world-plus-gym:fp_eq_f32f7076c6a6,バタフライ/リアデルト,筋トレ,not_specified,fly_rear_delt,False,,
world-plus-gym:fp_eq_e7770dba9fda,バックエクステンション,筋トレ,not_specified,back_extension_machine,False,,
world-plus-gym:fp_eq_7db705aa26cf,バックエクステンションベンチ,筋トレ,not_specified,back_extension_bench,False,,
world-plus-gym:fp_eq_6ac44b958236,バックエクステンションマシン,筋トレ,not_specified,back_extension_machine,True,,
world-plus-gym:fp_eq_9d67a700c436,ヒップアダクター&ヒップアブダクター,筋トレ,not_specified,hip_dual,False,,
world-plus-gym:fp_eq_70aafcbfb322,ヒップアダクター/アブダクター デュアル,筋トレ,not_specified,hip_dual,False,,
world-plus-gym:fp_eq_ca218039d433,プローンレッグカール,筋トレ,not_specified,lying_leg_curl,False,,
world-plus-gym:fp_eq_f9234ea2e3c8,ペクトラル/リバースフライ,筋トレ,not_specified,fly_rear_delt,False,,
world-plus-gym:fp_eq_c563b0cde41a,ペックフライ/リアデルト,筋トレ,not_specified,fly_rear_delt,True,,
world-plus-gym:fp_eq_389ce19d52fa,ライイングレッグカール,筋トレ,not_specified,lying_leg_curl,False,,
world-plus-gym:fp_eq_9c94e4e7e8ab,ラットプルダウン（ケーブル）,筋トレ,cable_named,lat_cable_explicit,False,,
world-plus-gym:fp_eq_4f1c12690a70,ラットマシン（ケーブル）,筋トレ,cable_named,lat_cable_explicit,False,,
world-plus-gym:fp_eq_2ca7b231d84c,レッグエクステンション,筋トレ,not_specified,leg_extension,False,,
world-plus-gym:fp_eq_8c7eb420416c,レッグエクステンション ROM,筋トレ,not_specified,leg_extension,False,,
world-plus-gym:fp_eq_c21d68793fb5,レッグエクステンション（デュアルスタック）,筋トレ,not_specified,leg_extension,False,,
world-plus-gym:fp_eq_3810bb5f16f1,レッグプレス,筋トレ,not_specified,leg_press,False,,
world-plus-gym:fp_eq_f9136af0c9c1,ロータリートルソー,筋トレ,not_specified,rotary_torso,False,,
world-plus-gym:fp_eq_d1d756af5522,ローワーバック,筋トレ,not_specified,back_extension_machine,False,,
world-plus-gym:fp_eq_c16a25a58d3c,ローワーバックベンチ,筋トレ,not_specified,back_extension_bench,False,,
world-plus-gym:fp_eq_e2f3c2ba7ec7,ダンベル,フリーウェイト,not_specified,dumbbell,False,,
world-plus-gym:fp_eq_b8442ef65572,メガパワーラック,フリーウェイト,not_specified,rack,False,,
world-plus-gym:fp_eq_fd7fb40f9778,アブダクター,筋トレ,not_specified,hip_abduction,False,,
world-plus-gym:fp_eq_820fa41f6582,ヒップアブダクター/アダクター,筋トレ,not_specified,hip_dual,False,,
world-plus-gym:fp_eq_670da2656e6f,ペックデック,筋トレ,not_specified,pec_fly,False,,
anytime-fitness:anytime_eq_1fb623011863,EZバー,ファンクショナル,not_specified,ez_bar,True,,
anytime-fitness:anytime_eq_d1cdf5dd5df6,カラーダンベル 1kg2kg,ファンクショナル,not_specified,dumbbell,True,,
anytime-fitness:anytime_eq_851f463a3c90,ダンベル(1~2kg),ファンクショナル,not_specified,dumbbell,True,,
anytime-fitness:anytime_eq_3f0b82e09c9c,チンニングバー×2,ファンクショナル,not_specified,pullup_station,True,,
anytime-fitness:anytime_eq_814ce91db889,チンニングラック,ファンクショナル,not_specified,pullup_station,True,,
anytime-fitness:anytime_eq_85f92fc18345,ディップススタンド,ファンクショナル,not_specified,dip_station,True,,
anytime-fitness:anytime_eq_67fbf6f2ddcb,ディップスバー,ファンクショナル,not_specified,dip_station,True,,
anytime-fitness:anytime_eq_e9e176150a80,デュアルアジャスタブルケーブル,ファンクショナル,not_specified,dual_pulley,True,,
anytime-fitness:anytime_eq_033aa357c61b,デュアルアジャスタブルプーリー,ファンクショナル,not_specified,dual_pulley,True,,
anytime-fitness:anytime_eq_29d725556c0c,デュアル・アジャスタブル・プーリー,ファンクショナル,not_specified,dual_pulley,True,,
anytime-fitness:anytime_eq_6837f6c8530d,ファンクショナルトレーナー,ファンクショナル,not_specified,dual_pulley,True,,
anytime-fitness:anytime_eq_9032eca2a98f,ファンクショナルトレーナー（ケーブルマシン）,ファンクショナル,not_specified,dual_pulley,True,,
anytime-fitness:anytime_eq_d6c9429517c8,EZバー,フリーウェイト,not_specified,ez_bar,True,,
anytime-fitness:anytime_eq_1f9b9b53281d,EZバー×2,フリーウェイト,not_specified,ez_bar,True,,
anytime-fitness:anytime_eq_0b6a0d2ef9a1,HDエリートiDパワーラック,フリーウェイト,not_specified,rack,True,,
anytime-fitness:anytime_eq_6e79fe645e19,IVANKOオリンピックアームカールバー,フリーウェイト,not_specified,ez_bar,True,,
anytime-fitness:anytime_eq_9cf300b4e31d,TORQUEフラットインクラインベンチ,フリーウェイト,not_specified,flat_bench,True,,
anytime-fitness:anytime_eq_9cf300b4e31d,TORQUEフラットインクラインベンチ,フリーウェイト,not_specified,incline_bench,True,,
anytime-fitness:anytime_eq_ba52bc1d92ff,ダンベル(),フリーウェイト,not_specified,dumbbell,True,,
anytime-fitness:anytime_eq_38d5597230e2,ダンベル(1~),フリーウェイト,not_specified,dumbbell,True,,
anytime-fitness:anytime_eq_ff8df364e8d5,アジャスタブルベンチ(),フリーウェイト,not_specified,flat_bench,True,,
anytime-fitness:anytime_eq_ff8df364e8d5,アジャスタブルベンチ(),フリーウェイト,not_specified,incline_bench,True,,
anytime-fitness:anytime_eq_bbaa6cc25b9f,アジャスタブルベンチ7台,フリーウェイト,not_specified,flat_bench,True,,
anytime-fitness:anytime_eq_bbaa6cc25b9f,アジャスタブルベンチ7台,フリーウェイト,not_specified,incline_bench,True,,
anytime-fitness:anytime_eq_48875c1f9fe2,アジャスタブルベンチ×2,フリーウェイト,not_specified,flat_bench,True,,
anytime-fitness:anytime_eq_48875c1f9fe2,アジャスタブルベンチ×2,フリーウェイト,not_specified,incline_bench,True,,
anytime-fitness:anytime_eq_4c77ac6db631,アジャスタブルベンチ×3,フリーウェイト,not_specified,flat_bench,True,,
anytime-fitness:anytime_eq_4c77ac6db631,アジャスタブルベンチ×3,フリーウェイト,not_specified,incline_bench,True,,
anytime-fitness:anytime_eq_0cbeeb6d46d8,アジャスタブルベンチ（デクライン可能）,フリーウェイト,not_specified,flat_bench,True,,
anytime-fitness:anytime_eq_0cbeeb6d46d8,アジャスタブルベンチ（デクライン可能）,フリーウェイト,not_specified,incline_bench,True,,
anytime-fitness:anytime_eq_0cbeeb6d46d8,アジャスタブルベンチ（デクライン可能）,フリーウェイト,not_specified,decline_bench,True,,
anytime-fitness:anytime_eq_3d59e627be34,スミスマシン(),フリーウェイト,not_specified,smith,True,,
anytime-fitness:anytime_eq_23f0073d46f3,スミスマシン(傾斜),フリーウェイト,not_specified,smith,True,,
anytime-fitness:anytime_eq_1c0e546398b9,スミスマシン(斜め),フリーウェイト,not_specified,smith,True,,
anytime-fitness:anytime_eq_8a4b615dc4bf,スミスマシン（垂直タイプ）,フリーウェイト,not_specified,smith,True,,
anytime-fitness:anytime_eq_5b753b2949a1,ダンベル 1~50kg,フリーウェイト,not_specified,dumbbell,True,,
anytime-fitness:anytime_eq_e02e77fd1329,ダンベル(1~40kg),フリーウェイト,not_specified,dumbbell,True,,
anytime-fitness:anytime_eq_3223f98d476f,ダンベル(1~50kg),フリーウェイト,not_specified,dumbbell,True,,
anytime-fitness:anytime_eq_850219ef2917,ダンベル1~50kg,フリーウェイト,not_specified,dumbbell,True,,
anytime-fitness:anytime_eq_05509691ff06,ダンベル1~60kg,フリーウェイト,not_specified,dumbbell,True,,
anytime-fitness:anytime_eq_7c713f0133d8,ディップススタンド,フリーウェイト,not_specified,dip_station,True,,
anytime-fitness:anytime_eq_033731c38b87,ディップスタンド,フリーウェイト,not_specified,dip_station,True,,
anytime-fitness:anytime_eq_d2cc9c845c7b,ディップスバー,フリーウェイト,not_specified,dip_station,True,,
anytime-fitness:anytime_eq_dfc5e59f3da2,ディビアドルシフレクション,フリーウェイト,not_specified,tibialis_machine,True,,
anytime-fitness:anytime_eq_77cba88ada6b,デュアルアジャスタブルプーリー,フリーウェイト,not_specified,dual_pulley,True,,
anytime-fitness:anytime_eq_5ae55710dfcb,デュアルアジャスタブルプーリー(ケーブルマシン),フリーウェイト,not_specified,dual_pulley,True,,
anytime-fitness:anytime_eq_1a16cbe620d4,ハーフラック(),フリーウェイト,not_specified,rack,True,,
anytime-fitness:anytime_eq_e911e060154a,ハーフラック×2,フリーウェイト,not_specified,rack,True,,
anytime-fitness:anytime_eq_0309c6ee44ca,バックエクステンションベンチ,フリーウェイト,not_specified,back_extension_bench,True,,
anytime-fitness:anytime_eq_d987f670e641,バーティカルスミス,フリーウェイト,not_specified,smith,True,,
anytime-fitness:anytime_eq_31153119a746,バーティカルスミスマシン,フリーウェイト,not_specified,smith,True,,
anytime-fitness:anytime_eq_b80cbc604526,パワーラック(),フリーウェイト,not_specified,rack,True,,
anytime-fitness:anytime_eq_886730e8e2b0,パワーラック×2,フリーウェイト,not_specified,rack,True,,
anytime-fitness:anytime_eq_556e032206d3,フラットベンチ(),フリーウェイト,not_specified,flat_bench,True,,
anytime-fitness:anytime_eq_572aa48240b4,プリチャーカールベンチ,フリーウェイト,not_specified,preacher_bench,True,,
anytime-fitness:anytime_eq_4c2be546bbbe,プリチャーカール台,フリーウェイト,not_specified,preacher_bench,True,,
anytime-fitness:anytime_eq_bd2872319105,プリーチャーカール台,フリーウェイト,not_specified,preacher_bench,True,,
anytime-fitness:anytime_eq_4fe84ff3ff09,プリーチャー台,フリーウェイト,not_specified,preacher_bench,True,,
anytime-fitness:anytime_eq_35de1f0a89ad,ヴァーティカルスミスマシン,フリーウェイト,not_specified,smith,True,,
anytime-fitness:anytime_eq_7b35ecee9246,ヴァーティカルスミスマシン（垂直タイプ）,フリーウェイト,not_specified,smith,True,,
anytime-fitness:anytime_eq_074bd79d435d,垂直スミスマシン,フリーウェイト,not_specified,smith,True,,
anytime-fitness:anytime_eq_9aba27fd97fa,背筋台,フリーウェイト,not_specified,back_extension_bench,True,,
anytime-fitness:anytime_eq_ccdd4257e48d,アシストチン,マシン,not_specified,assisted_chin,True,,
anytime-fitness:anytime_eq_48f829ca6d93,アシストチン/アシストディップ,マシン,not_specified,assisted_chin_dips,True,,
anytime-fitness:anytime_eq_ffcc866ab68b,アシストディップ,マシン,not_specified,assisted_dips,True,,
anytime-fitness:anytime_eq_e9791d3c90d3,アシストディップ/チン,マシン,not_specified,assisted_chin_dips,True,,
anytime-fitness:anytime_eq_8206259e0198,アシストディップチン,マシン,not_specified,assisted_chin_dips,True,,
anytime-fitness:anytime_eq_779af12e2fa3,アブダクションアダクション,マシン,not_specified,hip_dual,True,,
anytime-fitness:anytime_eq_0a3560282bb6,インナーアウターサイ,マシン,not_specified,hip_dual,True,,
anytime-fitness:anytime_eq_b98fb8348446,インナーサイアウターサイ,マシン,not_specified,hip_dual,True,,
anytime-fitness:anytime_eq_575ef0dacdf6,ショルダープレス,マシン,not_specified,shoulder_press_stack,True,,
anytime-fitness:anytime_eq_43944a0bb970,シーテッドレッグエクステンション,マシン,not_specified,leg_extension,True,,
anytime-fitness:anytime_eq_44925fab2d7b,シーテッドレッグカール,マシン,not_specified,seated_leg_curl,True,,
anytime-fitness:anytime_eq_268ccd441a23,シーテッド・レッグカール,マシン,not_specified,seated_leg_curl,True,,
anytime-fitness:anytime_eq_34611d6e1005,シーテッド・ロー,マシン,not_specified,seated_row_stack,True,,
anytime-fitness:anytime_eq_b14d75a88b08,ディップチンアシスト,マシン,not_specified,assisted_chin_dips,True,,
anytime-fitness:anytime_eq_ad47ae7383c3,デュアルアジャスタブルプーリー,マシン,not_specified,dual_pulley,True,,
anytime-fitness:anytime_eq_a07eb2c5e3a8,トーソローテーション,マシン,not_specified,rotary_torso,True,,
anytime-fitness:anytime_eq_722343b95e8b,トーソーローテーション,マシン,not_specified,rotary_torso,True,,
anytime-fitness:anytime_eq_0768731d0ed1,ハンマーデュアルアジャスタブルプーリー,マシン,not_specified,dual_pulley,True,,
anytime-fitness:anytime_eq_629a8e48c638,バックエクステンション,マシン,not_specified,back_extension_machine,True,,
anytime-fitness:anytime_eq_eb9ca592ae02,バックエクステンションベンチ,マシン,not_specified,back_extension_bench,True,,
anytime-fitness:anytime_eq_2fca080e6712,ヒップアダクション/アブダクション,マシン,not_specified,hip_dual,True,,
anytime-fitness:anytime_eq_e06113fd8a8a,ヒップアダクター/アブダクター,マシン,not_specified,hip_dual,True,,
anytime-fitness:anytime_eq_e972e05e4a02,ヒップアブダクション/アダクション,マシン,not_specified,hip_dual,True,,
anytime-fitness:anytime_eq_671a7f3c8d9c,フライ/リアデルト,マシン,not_specified,fly_rear_delt,True,,
anytime-fitness:anytime_eq_6d75a8324631,フライ/リアデルトイド,マシン,not_specified,fly_rear_delt,True,,
anytime-fitness:anytime_eq_71892f0eec1d,プロ―ンレッグカール,マシン,not_specified,lying_leg_curl,True,,
anytime-fitness:anytime_eq_dcec4b42353f,ペクトラルフライ/リアデルトイド,マシン,not_specified,fly_rear_delt,True,,
anytime-fitness:anytime_eq_82f5ddf68dff,ペクトラルフライ、リアデルトイド,マシン,not_specified,fly_rear_delt,True,,
anytime-fitness:anytime_eq_5be102df87eb,ペックフライ/リアデルト,マシン,not_specified,fly_rear_delt,True,,
anytime-fitness:anytime_eq_06bcb74c6e47,ライイング・レッグカール,マシン,not_specified,lying_leg_curl,True,,
anytime-fitness:anytime_eq_7ceb3119ab57,ラテラルレイズ,マシン,not_specified,lateral_raise,True,,
anytime-fitness:anytime_eq_4164c3b7a548,リアデルト/ペクトラルフライ,マシン,not_specified,fly_rear_delt,True,,
anytime-fitness:anytime_eq_25fe8528b20d,リアデルト/ペックフライ,マシン,not_specified,fly_rear_delt,True,,
anytime-fitness:anytime_eq_df07f69b2af1,リアデルトイド,マシン,not_specified,rear_delt,True,,
anytime-fitness:anytime_eq_cb7cbf86991e,リアデルトペックフライ,マシン,not_specified,fly_rear_delt,True,,
anytime-fitness:anytime_eq_b2052cf17862,レッグプレス,マシン,not_specified,leg_press,True,,
anytime-fitness:anytime_eq_4b71899c3a7b,背筋台,マシン,not_specified,back_extension_bench,True,,
anytime-fitness:anytime_eq_87295b2752ac,クロストレーナー,有酸素,cardio,cross_trainer,True,,
anytime-fitness:anytime_eq_05eb63eb1b2c,トレッドミル,有酸素,cardio,treadmill,True,,
anytime-fitness:anytime_eq_afb00961dd2a,ランニングマシン,有酸素,cardio,treadmill,True,,
